,ORCID ID,Given_Name,Family_Name,Role,Keywords,Organization
0,0000-0002-8403-3250,Giovanni,Pagliarini,,Nessuna,University of Parma
1,0000-0003-4809-5558,Daniel,Machado,N/A,Nessuna,N/A
2,0000-0003-3131-3969,Maria Carmen,De Santis,,Nessuna,Fondazione IRCCS Istituto Nazionale dei Tumori
3,0000-0003-3929-0423,Bas,Teusink,,Nessuna,Vrije Universiteit Amsterdam
4,0000-0002-6328-9089,Pikakshi,Manchanda,Research Fellow,Nessuna,University of Exeter
5,0000-0003-0850-5604,Niranjan,Nagarajan,,Nessuna,Genome Institute of Singapore
6,0000-0003-0980-3136,Riccardo,Barbieri,Research Associate,Nessuna,Charité Universitätsmedizin Berlin
7,0000-0003-4342-2695,Cristina,Monni,Postdoctoral Research Assistant,Nessuna,Università della Svizzera Italiana
8,0000-0001-6052-1885,Mingxi,Li,N/A,Nessuna,N/A
9,0000-0002-9568-5588,jesper,tegner,"Professor, Bioscience","0000-0002-9568-5588, mathematics, computational biology",King Abdullah University of Science and Technology (KAUST)
10,0000-0001-6211-2719,Ron,Henkel,PostDoc,Nessuna,Universitätsmedizin Greifswald
11,0000-0002-4857-5351,Sven,Loncaric,Full professor,"image processing, computer vision, image analysis",University of Zagreb Faculty of Electrical Engineering and Computing
12,0000-0002-9399-4512,Artem,LYSENKO ,N/A,Nessuna,N/A
13,0000-0002-5301-3142,Chris,Evelo,,"Bioinformatics, Systems Biology, toxicology, nutrition, rare diseases, FAIR, Network Biology, Molecular Pathways",Maastricht University
14,0000-0002-4168-5515,Yu-Seung,Ma,N/A,Nessuna,N/A
15,0000-0002-2559-8833,Antonio,Palmeri,Principal Scientist,Nessuna,Bristol Myers Squibb
16,0000-0002-3723-6661,Bhagwan,Yadav,PhD Student,Nessuna,"Lincoln University,New Zealand"
17,0000-0002-5368-6363,ALBERTO,GARAVENTA,Head of Oncology Unit,Nessuna,Istituto Giannina Gaslini
18,0000-0002-1301-1468,Sebastian,Muraru,N/A,Nessuna,N/A
19,0000-0003-2701-9580,Jui-Huan,Chang,N/A,Nessuna,N/A
20,0000-0003-2411-999X,Marco,Gui,N/A,Nessuna,N/A
21,0000-0001-6492-2838,Yangfan,Sun,N/A,Nessuna,N/A
22,0000-0002-9103-1077,Eivind,Hovig,"Professor/ Head, Center of Bioinformatics","Bioinformatics, Genomics, Melanoma, Mutation analysis",University of Oslo
23,0000-0003-3053-0662,Yongsoo,Kim,N/A,Nessuna,N/A
24,0000-0001-8548-2616,Antonia,Godoy-Lorite,N/A,Nessuna,N/A
25,0000-0003-0722-806X,Seung Won,Jung,N/A,Nessuna,N/A
26,0000-0002-3028-7212,Xiang-xiang,Yu,N/A,Nessuna,N/A
27,0000-0001-8733-895X,Wei-Wei,Wang,N/A,Nessuna,N/A
28,0000-0002-9071-7157,Jeon,Lee,Assistant Professor,Nessuna,The University of Texas Southwestern Medical Center
29,0000-0002-4339-8202,Emil,Hristov,Professor,Nessuna,Sofia University Saint Kliment Ohridski
30,0000-0001-5137-0990,Amin,Allam,N/A,Nessuna,N/A
31,0000-0002-5217-2328,B,SATHYA BAMA,N/A,Nessuna,N/A
32,0009-0001-4373-4982,Mariana,Pelicano de Almeida,,Nessuna,"i3S - Instituto de Investigação e Inovação em Saúde, Universidade do Porto"
33,0000-0003-3915-7243,Richard,Adams,Professor,"colorectal cancer, personalised treatment, survivorship, radiotherapy, palliation",Cardiff University
34,0009-0003-9522-5535,Daniel J.,Vis,,Nessuna,The Netherlands Cancer Institute
35,0000-0003-1987-7374,Aneta,Polewko-Klim,N/A,Nessuna,N/A
36,0000-0002-4044-9166,Marc Thilo,Figge,Professor for Applied Systems Biology,"image-baesd systems biology, host-pathogen interactions, image-baesdautomated image analysis, mathematical modeling, computer simulations","Leibniz Institute for Natural Product Research and Infection  Biology - Hans Knöll Institute, Friedrich Schiller University Jena, Germany"
37,0009-0009-7273-9449,Richard,White,Research Affiliate,Nessuna,University of Sydney
38,0000-0003-3394-393X,Maya,Bronfeld,N/A,Nessuna,N/A
39,0000-0001-9181-6467,Jiaojiao,Li,N/A,Nessuna,N/A
40,0000-0003-1232-315X,Jonathan ,Gordon,N/A,Nessuna,N/A
41,0000-0002-8844-3572,Petr,Smirnov,Doctor of Sciences,"Value, activity, society. evolutuon",Saint Petersburg State University 
42,0000-0003-2220-6897,Chuan,Wang,N/A,Nessuna,N/A
43,0000-0001-7095-7332,Keith,Boroevich,Technical Staff I,Nessuna,RIKEN Center for Integrative Medical Sciences
44,0009-0001-9178-1900,Liuxia,Wang,N/A,Nessuna,N/A
45,0009-0009-9203-4753,Dmitry,Bocharov,N/A,Nessuna,N/A
46,0000-0002-5719-434X,lang,li,N/A,Nessuna,N/A
47,0000-0003-1783-5488,Nicola,Lazzarini,N/A,Nessuna,N/A
48,0000-0002-4155-0688,Pongchanun,LUANGPAIBOON,N/A,Nessuna,N/A
49,0000-0002-7194-3263,Aditya,Arora,N/A,Nessuna,N/A
50,0009-0001-0370-2572,Raquel,Bello,Research Assistant,Nessuna,University of Wisconsin–Madison
51,0000-0001-8882-305X,Moonshik,Shin,N/A,Nessuna,N/A
52,0000-0003-2350-0756,Claudine,Chaouiya,Associate Professor,"Computational biology, Discrete dynamical systems, Logical modelling, Regulatory networks, Signalling networks",Aix-Marseille University
53,0000-0002-4777-4586,Chayaporn,Suphavilai,,Nessuna,Genome Institute of Singapore
54,0000-0001-5251-9603,Zhiqing,Xu,N/A,Nessuna,N/A
55,0000-0001-5989-0499,Barbara,Bryant,N/A,Nessuna,N/A
56,0000-0001-6829-3063,Haichen ,Zhang ,N/A,Nessuna,N/A
57,0000-0003-1030-5572,Brian R.,Lawler,Professor of Mathematics Education,Nessuna,Kennesaw State University
58,0009-0004-2555-1762,luca maria,Gambardella,N/A,Nessuna,N/A
59,0000-0001-7854-2027,venkateswararao,cherukuri,N/A,Nessuna,N/A
60,0000-0002-5758-8090,Robert,Vogel,N/A,Nessuna,N/A
61,0009-0002-1356-3227,Fenglong,Song,N/A,Nessuna,N/A
62,0000-0003-3491-2668,GIULIA,BERNARDINI,,Nessuna,University of Colorado Boulder
63,0000-0002-8166-2326,Symeon,Symeonidis,N/A,Nessuna,N/A
64,0000-0003-3587-3680,Ivan,Merelli,N/A,Nessuna,N/A
65,0000-0002-0451-6536,Zheng,Ning,PhD Student,Nessuna,Karolinska Institutet
66,0000-0001-8343-8929,Annalisa,MASSINI,Associate Professor,Nessuna,Sapienza University of Rome
67,0000-0003-4691-7722,Wei-Wei,Liu,N/A,Nessuna,N/A
68,0000-0002-3780-9730,HEEWON,LEE,N/A,Nessuna,N/A
69,0000-0002-6131-8624,Daniel,Hidru,N/A,Nessuna,N/A
70,0000-0001-6039-138X,Matteo,Orrù,N/A,Nessuna,N/A
71,0000-0002-9551-6370,Mélanie,Courtot,Assistant professor,"Bioinformatics, Ontology",University of Toronto
72,0000-0003-4176-8035,Zudi,Lin,Research Assistant,"Deep Learning, Computer Vision, Connectomics",Harvard University
73,0000-0002-4536-7450,Horace,Wang,N/A,Nessuna,N/A
74,0000-0001-9772-7772,Xin-xin,Wang,N/A,Nessuna,N/A
75,0000-0002-7702-4495,Allyson,Lister,,Nessuna,University of Oxford
76,0000-0001-7020-1236,Neil,Swainston,,Nessuna,University of Liverpool
77,0000-0001-5247-5073,Yves,Scherrer,,"Natural language processing, dialects and closely related languages, machine translation, dialectome",University of Helsinki
78,0000-0002-2226-650X,Hidde,de Jong,N/A,Nessuna,N/A
79,0000-0002-0623-4989,Fernando,Perales,N/A,Nessuna,N/A
80,0000-0001-9926-7490,Binbin,Song,N/A,Nessuna,N/A
81,0000-0003-0632-3233,Jiye,Liu,N/A,Nessuna,N/A
82,0000-0002-0886-9769,Tero,Aittokallio,,Nessuna,University of Helsinki
83,0000-0002-2314-5507,Marat,Kazanov,Head of the Translational Bioinformatics Group,Nessuna,Institute for Information Transmission Problems
84,0000-0001-6849-7568,paola,Bonizzoni,N/A,Nessuna,N/A
85,0000-0002-8630-1108,Ilya,Kiselev,N/A,Nessuna,N/A
86,0000-0002-7706-186X,Fanglong,Liu,N/A,Nessuna,N/A
87,0000-0002-1314-3348,Dries,De Maeyer,N/A,Nessuna,N/A
88,0000-0003-3686-6108,Matteo,Ritrovato,N/A,Nessuna,N/A
89,0000-0002-1240-5553,Andreas,Dräger,Professor,"Information Visualization, Systems Biology Modeling, Software Engineering",Martin Luther University Halle-Wittenberg
90,0000-0002-3383-6504,Rui,Song,N/A,Nessuna,N/A
91,0000-0001-9146-9872,DongWon,Park,N/A,Nessuna,N/A
92,0000-0001-8653-8837,Fabio,Sartori,N/A,Nessuna,N/A
93,0000-0003-1817-2516,seung wook,kim,N/A,Nessuna,N/A
94,0000-0002-6457-2679,donna,dillenberger,N/A,Nessuna,N/A
95,0000-0002-1470-6288,Franziska,Klügl,Professor,"Multiagent Systems, Artificial Intelligence, Modelling and Simulation, Visual Programming",Örebro Universitet
96,0000-0001-7802-8642,bingchen,Li,N/A,Nessuna,N/A
97,0000-0003-3832-0280,Carlos,De Niz,Research Fellow,"Bioinformatics, Computational Biology, Data Science, Engineering",Harvard Medical School
98,0009-0000-7783-9937,Divi Galih Prasetyo,Putri,N/A,Nessuna,N/A
99,0000-0002-9115-8756,Lukas,Endler,Postdoc,Nessuna,Medizinische Universität Wien
100,0000-0003-0335-2418,Paolo,Baili,,Nessuna,Fondazione IRCCS Istituto Nazionale dei Tumori
101,0000-0003-1252-2001,Zhi-Kai,Huang,N/A,Nessuna,N/A
102,0000-0003-1925-9154,Samuel,Kaski,N/A,"machine learning, probabilistic modeling, information visualization, computational biology, computational medicine, bioinformatics, brain signal analysis, information retrieval, proactive interfaces, user modeling",N/A
103,0000-0003-3584-9998,Pierre,Neuvial,N/A,Nessuna,N/A
104,0000-0001-7603-6497,Hongwei,Yong,N/A,Nessuna,N/A
105,0000-0003-4080-8736,Fu,Li,N/A,Nessuna,N/A
106,0000-0003-3395-3417,Sriram,Pendyala,N/A,Nessuna,N/A
107,0000-0001-9552-316X,David,Wang,N/A,Nessuna,N/A
108,0000-0001-8275-2852,Yuanfang,Guan,,Nessuna,University of Michigan
109,0000-0003-0043-7416,Yosvany,Lopez Alvarez,N/A,Nessuna,N/A
110,0009-0006-3175-4544,Ana Belen,Malpartida,N/A,Nessuna,N/A
111,0000-0003-4661-4959,Tao-tao,Zhang,N/A,Nessuna,N/A
112,0000-0002-4413-5981,Xiaoting,Gao,N/A,Nessuna,N/A
113,0009-0003-5266-3527,Stephanie,Huang,,Nessuna,Fellow Health
114,0000-0003-2331-4523,Sandi,Gec,,Nessuna,University of Ljubljana
115,0000-0002-3663-7113,Emek,Demir,Associate Professor,Nessuna,Oregon Health & Science University
116,0000-0001-8876-6323,Gabriele,Ferrario,N/A,Nessuna,N/A
117,0000-0002-8733-1042,PIETRO,DERRICO,N/A,Nessuna,N/A
118,0000-0003-3546-0093,Marcello,Gallucci,N/A,Nessuna,N/A
119,0000-0001-9849-9011,Tom,Wurdinger,,Nessuna,VU
120,0000-0002-3060-1419,BO,WANG,N/A,Nessuna,N/A
121,0000-0001-7078-7927,Pekka,Marttinen,,Nessuna,Aalto University
122,0000-0002-4235-6844,David,Knowles,JET Safety Liason  ,Nessuna,UKAEA
123,0000-0002-5820-9881,Joseph,Usset,Data Scientist,"Statistics, Bioinformatics, Data Science",Apple Inc
124,0000-0002-6035-2994,Óscar,Espitia,N/A,Nessuna,N/A
125,0000-0003-4424-0674,Ali,Hmaity,N/A,Nessuna,N/A
126,0000-0002-6495-2655,Aurélien,Naldi,Researcher,Nessuna,Inria Centre de Recherche Saclay-Île-de-France
127,0000-0002-3655-1643,Dylan,Skola,Bioinformatics Scientist,Nessuna,"Illumina, Inc."
128,0000-0003-4492-1680,silvia,spinelli,N/A,Nessuna,N/A
129,0009-0006-4582-8364,Maurizio,Feo,N/A,Nessuna,N/A
130,0000-0002-4268-6827,DAVIDE,MASPERO,N/A,Nessuna,N/A
131,0000-0003-3495-0795,Xiaobing,Wang,N/A,Nessuna,N/A
132,0000-0003-3783-8272,Bumjun,Park,N/A,Nessuna,N/A
133,0000-0002-5393-9594,Hanwen,Liu,N/A,Nessuna,N/A
134,0009-0003-6945-3489,Andrey,Ignatov,N/A,Nessuna,N/A
135,0000-0003-2425-6572,Boris,Lublinsky,N/A,Nessuna,N/A
136,0000-0001-5207-4579,EMANUELE,PRETI,N/A,Nessuna,N/A
137,0000-0002-5765-1248,Sofia,Bressan,N/A,Nessuna,N/A
138,0000-0002-2168-1373,Ewoud,De Troyer,N/A,Nessuna,N/A
139,0000-0001-7409-7448,Chuansheng,Wang,N/A,Nessuna,N/A
140,0009-0006-3378-160X,Giulia,Pugliese,,Nessuna,Agostino Gemelli University Polyclinic
141,0000-0002-3761-7683,Alexander T. J.,Barron,N/A,Nessuna,N/A
142,0000-0002-3283-6131,Mauro,Dell'Amico,Full professor,Nessuna,Università degli Studi di Modena e Reggio Emilia
143,0000-0003-3767-2153,MIJIN,KWON,N/A,Nessuna,N/A
144,0000-0002-4450-701X,Tjeerd,Dijkstra,,"Systems Biology, Bioinformatics, Machine Learning",University Clinic Tubingen
145,0000-0002-0447-9157,Julia,Hopkins,N/A,Nessuna,N/A
146,0000-0001-5843-618X,Benjamin,Sadacca,N/A,Nessuna,N/A
147,0000-0002-1633-0130,Samik,Ghosh,N/A,Nessuna,N/A
148,0000-0002-2069-9774,Valentina,Dorigatti,N/A,Nessuna,N/A
149,0000-0002-9871-0806,peter,morales,N/A,Nessuna,N/A
150,0000-0003-2402-363X,Salman,Khan,N/A,Nessuna,N/A
151,0000-0002-1652-3944,Bo,van Engelen,PhD,Nessuna,Maastricht University
152,0000-0002-7194-5218,junyu,chen,N/A,Nessuna,N/A
153,0000-0003-2533-1298,Simone,Scaboro,N/A,Nessuna,N/A
154,0000-0002-3805-1546,Jinseub,Hwang,N/A,"Statistics, Bayesian, Medical Statistics, Daegu University",N/A
155,0000-0002-2042-5669,Riccardo,Riva,,"Solid Earth Geophysics, Global Geodynamics, Sea Level Change, Glacial Isostatic Adjustment, Viscoelastic deformation, Post-seismic Deformation",Delft University of Technology
156,0000-0001-5160-7396,Stefano,Pirro,,"Bolometers, Double beta decay",INFN resercher
157,0000-0002-7212-3398,Cassandra,Freitas,N/A,Nessuna,N/A
158,0000-0001-5382-2444,Ya-Chih (Emma),Hsueh,N/A,Nessuna,N/A
159,0000-0002-1962-891X,Stephen,Fawell,N/A,Nessuna,N/A
160,0000-0003-1797-9385,liye,he,N/A,Nessuna,N/A
161,0000-0003-3953-7692,Chongyi,Li,N/A,Nessuna,N/A
162,0000-0002-4068-5361,Yulun,Zhang,N/A,Nessuna,N/A
163,0000-0002-1735-6279,Di,He,N/A,Nessuna,N/A
164,0000-0002-3413-6841,Ioannis,Xenarios,N/A,"computational biology, bioinformatics, immunology, biochemistry",N/A
165,0000-0003-3046-2217,Eyal,Ben Zion,Data Scientist,"Machine Learning, Data Scientist, Statistics",Cerebri AI
166,0000-0003-3216-7852,Yanlin,Qian,N/A,Nessuna,N/A
167,0000-0003-3005-4109,John,See,,Nessuna,Heriot-Watt University
168,0000-0002-3931-8249,Mathilde,Bateson,N/A,Nessuna,N/A
169,0009-0004-8379-4068,Mikhail,Zaslavskiy,N/A,Nessuna,N/A
170,0000-0002-1855-9887,Ryan,Miller,Associate Professor of Higher Education,Nessuna,UNC Charlotte
171,0000-0001-7982-1941,Angeliki-Ilektra,Karaiskou,N/A,Nessuna,N/A
172,0000-0002-7353-6362,Kyung,Kim,N/A,Nessuna,N/A
173,0000-0002-9617-2813,Lucia,Clemente,N/A,COVID-19; rendimiento escolar; educación online; estudiantes universitarios; educación superior,N/A
174,0000-0002-5876-6215,MARIO,MAURI,N/A,Nessuna,N/A
175,0000-0003-4952-2136,Rim,Faiz,N/A,Nessuna,N/A
176,0000-0002-1102-0387,Lester,Mackey,,Nessuna,Microsoft Research
177,0000-0003-0001-8211,Stephen,Capuzzi,Postdoctoral Fellow,"Computational Chemistry, Cheminformatics, Bioinformatics, Protein-Protein Interactions, Structure-based Docking, Molecular Dynamics, Molecular Modeling, Data Mining, Small-world Networks, Exome Analysis, Cell Culture, Molecular Biology, NMR",UNC Catalyst for Rare Diseases
178,0000-0001-8749-1356,Antonia,Bertolino,Research Director,Nessuna,Consiglio Nazionale delle Ricerche
179,0000-0003-2487-2885,Tomoki,Yoshida,N/A,Nessuna,N/A
180,0009-0003-6591-9333,xiaojun,ling,N/A,Nessuna,N/A
181,0000-0003-0318-0118,Juntae,Kim,,Nessuna,Elsevier
182,0000-0001-9380-5235,Xiumei ,Wang ,N/A,Nessuna,N/A
183,0000-0003-0736-802X,Darren James,Wilkinson,N/A,Nessuna,N/A
184,0000-0002-1656-6995,Lodewyk,Wessels,Professor,Nessuna,Delft University of Technology
185,0000-0002-5812-4052,Peter,Gehler,,"computer vision, machine learning",Amazon.com
186,0000-0003-1840-5551,Eiji,Kaneko,N/A,Nessuna,N/A
187,0000-0001-7103-7589,Arnoldo ,Frigessi,N/A,Nessuna,N/A
188,0000-0002-5945-0159,Abdullah M.,Khamis,N/A,Nessuna,N/A
189,0000-0002-3867-5957,Je-Hoon,Song,N/A,Nessuna,N/A
190,0000-0001-8114-4839,Tianli,Liu,N/A,Nessuna,N/A
191,0000-0002-7764-6745,Davide,Rossi,N/A,Nessuna,N/A
192,0000-0001-5838-7963,Douglas,Kell,,"Systems Biology - omics - analytics - iron - drug transporters, deep learning - microbial dormancy",The University of Manchester
193,0000-0003-2629-8776,Jiawei,Wu,N/A,Nessuna,N/A
194,0000-0003-4991-4148,Mushthofa,Mushthofa,Lecturer & Researcher,"artificial intelligence, machine learning, bioinformatics, declarative programming, network biology",Bogor Agricultural University
195,0000-0001-7656-1160,Niklas,Tötsch,N/A,Nessuna,N/A
196,0009-0009-7447-1204,Francesco,Calimeri,N/A,Nessuna,N/A
197,0000-0003-3654-6155,Fan,Fan,N/A,Nessuna,N/A
198,0000-0001-9614-7610,Camir,Ricketts,N/A,Nessuna,N/A
199,0000-0003-4078-6514,Xiaotao,Wang,N/A,Nessuna,N/A
200,0009-0005-1904-3718,Sabarinathan,Sabarinathan,Business Consultant: Medical Writing Services,Nessuna,Tata Consultancy Services (India)
201,0000-0002-8287-331X,Arend,Sidow,N/A,Nessuna,N/A
202,0000-0003-0985-9623,Alice,DI ROCCO,N/A,Nessuna,N/A
203,0000-0003-0492-3569,Hannah,Carter,N/A,Nessuna,N/A
204,0000-0002-5329-7405,Alok,Sharma,,Nessuna,KTH Royal Institute of Technology
205,0000-0003-1709-9492,Armando,Santoro,Director of Humanitas Cancer Center,"Humanitas Clinical and Research Center – IRCCS -, via Manzoni 56, 20089 Rozzano (Mi) – Italy",IRCCS Humanitas Research Hospital
206,0000-0001-5035-4104,Shijie,Zhao,N/A,Nessuna,N/A
207,0000-0003-1909-8119,Lieven,Verbeke,N/A,Nessuna,N/A
208,0000-0003-3318-120X,Joaquin,Dopazo,Director,Nessuna,Fundación Progreso y Salud
209,0000-0003-3768-770X,FABIO,MADEDDU,N/A,Nessuna,N/A
210,0000-0001-7133-4137,Emanuele ,Aiello,N/A,Nessuna,N/A
211,0000-0003-4439-3953,Amir,Bernat,N/A,Nessuna,N/A
212,0000-0001-6424-6139,Pengju,Liu,N/A,Nessuna,N/A
213,0000-0001-5712-0036,James,Karp,"ESD group manager, Principal Eng.",Nessuna,Xilinx Inc
214,0000-0002-4500-4676,Tim,Herpelinck,,Nessuna,KU Leuven
215,0000-0002-1109-6306,Marcos,da Silva Almeida,N/A,Nessuna,N/A
216,0000-0001-6835-0136,Chaitra,Desai,,Nessuna,KLE Technological University
217,0009-0009-0038-4888,Artyom,Panshin,N/A,Nessuna,N/A
218,0000-0003-2236-2849,Jouhyun,Jeon,Principal Investigator,Nessuna,Klick Inc
219,0000-0002-5195-1418,Li-Li,Zhang,N/A,Nessuna,N/A
220,0000-0002-4170-5344,Kazutoshi,Akita,N/A,"Object Detection, Super Resolution",N/A
221,0000-0001-8700-8440,Seo-Won,Ji,N/A,Nessuna,N/A
222,0009-0001-2437-0466,D. Lee,Heavner,N/A,Nessuna,N/A
223,0000-0002-4359-3817,Sanja,Baric,Associate Professor,Nessuna,Free University of Bozen-Bolzano
224,0000-0002-4660-4622,LUCA,CROCIANI,Post-Doctoral Researcher,"Modelling and Simulation, Artificial Intelligence, Complex Systems, Traffic Dynamics",University of Milano-Bicocca
225,0000-0001-8369-6936,rui,XIN,N/A,Nessuna,N/A
226,0009-0008-9519-0092,Pengliang,Tang,N/A,Nessuna,N/A
227,0000-0001-8512-1415,Zhezhu,Jin,N/A,Nessuna,N/A
228,0000-0003-3184-6933,Shakarim,Soltanayev,N/A,Nessuna,N/A
229,0000-0002-2919-4158,Ruiqi,Wu,N/A,Nessuna,N/A
230,0000-0003-0165-3663,Boaz,Lerner,,Nessuna,Ben-Gurion University of the Negev
231,0000-0001-7992-0405,Adam,Broadbent,N/A,Nessuna,N/A
232,0000-0003-3988-0837,Kevin,Shopsowitz,,Nessuna,University of British Columbia
233,0000-0002-6158-4148,Fatima,ES-SABERY,N/A," DataMining, BigData ,WSNs, fuzzy systems, machine learning, deep l",N/A
234,0000-0002-3647-2232,Wen-Chieh,Fang,N/A,Nessuna,N/A
235,0000-0002-6419-273X,xiangyu,chen,N/A,Nessuna,N/A
236,0000-0001-6679-6935,Takeshi,Hase,N/A,Nessuna,N/A
237,0000-0003-0006-4082,Johan,Elf,senior consultant,Nessuna,Skånes universitetssjukhus Lund Hematologiska kliniken
238,0000-0002-4881-7760,Siyuan,Yang,N/A,Nessuna,N/A
239,0000-0001-7175-422X,Gordon,Ball,N/A,Nessuna,N/A
240,0000-0003-4616-7036,Eugene,Muratov,N/A,Nessuna,N/A
241,0000-0002-0004-181X,Maitreya,Suin,N/A,Nessuna,N/A
242,0000-0003-1767-6448,Seonyeong,Park,N/A,Nessuna,N/A
243,0000-0003-1787-0275,Colin,Gillespie,CTO,Nessuna,Jumping Rivers
244,0000-0001-7569-5319,Catalina,Anghel,Computational Research Scientist,Nessuna,Canadian Nuclear Laboratories
245,0000-0002-7390-2094,John,Reid,Assistant Professor,"Restoration Ecology, Tropical Forest Restoration, Seed Dispersal, Epiphyte, Restoration Longevity, Bird, Bat, Costa Rica",Virginia Tech
246,0000-0002-0057-8940,Fabrizio,Smeraldi,N/A,Nessuna,N/A
247,0000-0001-8566-7223,Dario,Bertazioli,N/A,Nessuna,N/A
248,0000-0002-1226-2150,Chris,de Graaf,"VP, Head of Computational Drug Discovery and Data Science","cheminformatics, medicinal chemistry, chemogenomics, bioinformatics, computer-aided drug design",Structure Therapeutics
249,0000-0002-0301-2221,Minji,Jeon,,"Computer Science Education, Computational Thinking, Computer-Supported Collaborative Learning",Indiana University
250,0000-0002-4389-8688,Ugo,Becciani,Researcher,Nessuna,INAF - Osservatorio Astrofisico di Catania
251,0000-0002-6472-0221,Florian,Mittag,Professor for Artificial Intelligence in Visual Computing,"machine learning, artificial intelligence, semantic web",Hochschule für angewandte Wissenschaften Coburg
252,0000-0003-2988-9678,Luigi,Pedone,Radiologist,Nessuna,IRCCS Istituto Ortopedico Galeazzi
253,0000-0001-7554-9610,Dennis,Wang,N/A,Nessuna,N/A
254,0000-0003-3562-8861,Jiadong,Ji,N/A,Nessuna,N/A
255,0000-0003-1860-8666,Fitsum Meshesha,Kifetew,Researcher,"software testing, search-based software engineering, software engineering, requirements engineering",Fondazione Bruno Kessler
256,0000-0001-5065-8618,Sondess,MISSAOUI,N/A,Nessuna,N/A
257,0000-0002-3240-2341,FRANCANTONIO,DEVOTO,N/A,Nessuna,N/A
258,0000-0002-7526-8605,Hyeon Ui,Choi,N/A,Nessuna,N/A
259,0000-0001-5828-4139,Jouni,Sirén,Associate Research Scientist,Nessuna,"University of California, Santa Cruz"
260,0000-0001-6784-816X,Xiaohui,Xie,N/A,Nessuna,N/A
261,0000-0003-1967-0883,UMBERTO,OLLITTA JUNIOR,N/A,Nessuna,N/A
262,0000-0002-6293-9668,Pablo,Navarrete Michelini,N/A,Nessuna,N/A
263,0000-0001-7232-0693,Benjamin,van Wyk de Vries,N/A,Nessuna,N/A
264,0000-0002-3924-3961,Francesco,Di Pietto,PHD,Nessuna,Pineta Grande Srl
265,0000-0001-7376-2768,Yijian,Zhang,N/A,Nessuna,N/A
266,0009-0007-6430-4969,Iwan,de Kok,Postdoctoral Researcher,Nessuna,Bielefeld University
267,0000-0002-3790-1713,Xiaotao,Liang,N/A,Nessuna,N/A
268,0000-0001-5346-9812,Ronan MT,Fleming,Associate Professor,Nessuna,University of Galway
269,0000-0001-6089-5895,Meera,Mahendiran,N/A,Nessuna,N/A
270,0000-0002-8395-0452,valeria,blasi,Researcher,"borderline intellectual functioning, neuroimaging, brain development, brain tumors",Fondazione Don Carlo Gnocchi
271,0000-0002-8492-6964,Angelo,Corazza,N/A,Nessuna,N/A
272,0000-0001-9698-7206,Alexander,Belokopytov,researcher,Nessuna,Institute for Information Transmission Problems
273,0000-0002-9524-6024,Andrea,Aquino,N/A,Nessuna,N/A
274,0000-0002-9528-6018,Gianni,Cesareni,N/A,Nessuna,N/A
275,0000-0001-7456-8764,Miguel,Rocha,N/A,Nessuna,N/A
276,0000-0001-6180-0106,Francesco,Marabita,,Nessuna,Karolinska University Hospital
277,0000-0003-0718-8707,Claudio,Feliciani,Project Associate Professor,Nessuna,The University of Tokyo
278,0000-0003-4645-1395,Yong-Guk,Kim,N/A,Nessuna,N/A
279,0009-0000-3537-1977,Michele,Carbonera,N/A,Nessuna,N/A
280,0000-0002-1756-2013,adela,sulejmani,N/A,Nessuna,N/A
281,0000-0002-5100-2263,Vishal,Monga,Associate Professor,Nessuna,Pennsylvania State University
282,0000-0002-7974-4744,ling,shao,,Nessuna,Taizhou University
283,0009-0008-5921-1351,Sara,Manzoni,Junior Researcher,Nessuna,IRCCS Istituto Auxologico Italiano
284,0000-0001-7850-9075,Billur,Engin Balin,Associated Professor,Nessuna,Istanbul University
285,0000-0003-3135-1404,Sang Ok,Song,N/A,Nessuna,N/A
286,0000-0002-9115-1239,Kwanghun,Choi,N/A,Nessuna,N/A
287,0000-0003-2439-0608,Davide,Cozzi,N/A,Nessuna,N/A
288,0000-0001-8577-8433,Alberto,ALIPRANDI,Professori a tempo determinato,Nessuna,Universita' di Milano Bicocca
289,0000-0003-0995-8824,Fernanda,Strozzi,N/A,Nessuna,N/A
290,0000-0003-3580-1281,Franklin,Djeumou Fomeni,N/A,Nessuna,N/A
291,0000-0001-7542-0286,Egon,Willighagen,,"statistics, cheminformatics, chemometrics, bioinformatics, chemistry development kit, metabolomics, predictive toxicology, nanoqsar",Maastricht University
292,0000-0001-8384-3019,Fabio,Marchese,Researcher,Nessuna,King Abdullah University of Science and Technology Red Sea Research Center
293,0000-0002-2582-8061,Thomas,Brouwer,N/A,Nessuna,N/A
294,0000-0001-7891-8813,Massimiliano,ROSSI,N/A,Nessuna,N/A
295,0000-0002-3254-2571,Elena,Russo,N/A,Nessuna,N/A
296,0000-0001-5647-2822,Michele,Bevilacqua,PhD Assistant,Nessuna,École Polytechnique Fédérale de Lausanne
297,0009-0005-9399-8387,Tim,Seizinger,,Nessuna,University of Würzburg
298,0000-0002-9085-9171,Eric,Mjolsness,Professor,Nessuna,"Univesity of California, Irvine"
299,0000-0003-0323-5078,intissar,khalifa,N/A,Nessuna,N/A
300,0000-0003-2559-9956,RICCARDO,ROVEDA,,Nessuna,Alten (Italy)
301,0000-0001-6979-533X,Santiago,Videla,N/A,Nessuna,N/A
302,0000-0002-6178-4377,Jie,Li,N/A,Nessuna,N/A
303,0000-0002-6193-2296,Catharina,Olsen,,Nessuna,Vrije Universiteit Brussel
304,0000-0001-9951-0155,dan dan,zhu,N/A,Nessuna,N/A
305,0000-0002-5860-5358,Lucia,Morello,ASSISTENTE,Nessuna,IRCCS Humanitas Research Hospital
306,0000-0002-6055-0384,Jean-Pierre,Sirois-Trahan,N/A,Nessuna,N/A
307,0000-0002-2907-2062,Neel ,Madhukar,N/A,Nessuna,N/A
308,0000-0002-5037-0419,Cong,Leng,N/A,Nessuna,N/A
309,0000-0001-8857-0064,Youliang,Yan,N/A,"corporate finance, corporate governance",N/A
310,0000-0002-5293-5321,Brett,Olivier,,"biochemistry, software developer,  simulation, standardisation, data management, systems biology",Vrije Universiteit Amsterdam
311,0000-0002-8464-1889,Umberto Junior,Mele,PhD student,Nessuna,Dalle Molle Institute for Artificial Intelligence Research
312,0000-0002-7075-1681,Merit,Cudkowicz,N/A,Nessuna,N/A
313,0000-0002-4538-6045,Dong Won,Park,,Nessuna,Hanyang University Hospital
314,0000-0001-8675-9066,Chiara,Monfrini,,Nessuna,Fondazione IRCCS Istituto Nazionale dei Tumori
315,0000-0002-3162-5148,K,Uma,Professor,Gender and Development Management,Tamil Nadu Agricultural University
316,0000-0002-0600-3371,iman,hajirasouliha,Assistant Professor of Computational Genomics,Nessuna,Weill Cornell Medical College
317,0000-0002-9633-1191,Weihang,Yuan,,Nessuna,Baidu
318,0000-0003-2257-8658,guangqi,shao,N/A,Nessuna,N/A
319,0000-0002-9241-5347,Jean-Philippe,Tarel,Researcher,Nessuna,Université Gustave Eiffel
320,0000-0001-9690-7333,Ding,Liu,N/A,Nessuna,N/A
321,0000-0002-3553-2571,Edoardo,Amaldi,N/A,"Optimization, Operations Research",N/A
322,0000-0003-3065-7989,Jörg,Tiedemann,,"language technology, computational linguistics, machine translation, natural language processing",University of Helsinki
323,0000-0002-4696-461X,Massimiliano,Zanin,,Nessuna,The University of South Australia
324,0000-0003-3899-8657,Martina,Dal Molin,Associate Professor,Nessuna,Vilnius University
325,0000-0002-4067-6473,Xiao-xiao,Liang,N/A,Nessuna,N/A
326,0009-0007-1588-969X,Ivan,Shanin,N/A,Nessuna,N/A
327,0000-0001-5075-9486,Daniel,Carlin,N/A,Nessuna,N/A
328,0000-0002-5957-5680,Chi,Li,Research Assistant,Computer vision and machine learning,Johns Hopkins University
329,0000-0001-5702-5493,Aljaž,Košmerlj,Researcher,Nessuna,Jožef Stefan Institute
330,0000-0003-1748-5430,Federico,Bianchi,N/A,Nessuna,N/A
331,0000-0002-0925-3448,NUNZIO ALBERTO,BORGHESE,N/A,Nessuna,N/A
332,0009-0004-4214-3680,EMANUEL,GONÇALVES,DISCENTE MESTRADO PROFISSIONAL,Nessuna,FIOCRUZ
333,0000-0002-8956-9687,Derek,Smith,Faculty/Professor,Nessuna,Creighton University
334,0000-0002-7880-0193,Feng,Gao,N/A,Nessuna,N/A
335,0000-0002-3159-2809,Manuela,Berlingeri,N/A,Nessuna,N/A
336,0000-0002-3075-313X,Francescomaria,Faticanti,N/A,Nessuna,N/A
337,0000-0003-0271-1757,Denis,Thieffry,Professor,Computational systems biology,École Normale Supérieure
338,0000-0002-5267-9065,C.,Mendes de Oliveira,professor,Nessuna,Universidade de Sao Paulo
339,0000-0003-1111-7522,Uma,Mudenagudi,"Dean  R & D, KLE Tech Hubblli",Nessuna,KLE Technological University
340,0000-0002-1635-7026,Jinyang,Liu,N/A,Nessuna,N/A
341,0000-0002-4896-0997,Yan-Yan,Liu,N/A,Nessuna,N/A
342,0000-0002-8438-7251,László,Hunyady,Professor,Nessuna,Semmelweis University
343,0000-0002-3365-580X,Andrea,Moglia,Assistant Professor of Bioengineeering,"Artificial Intelligence surgery, Artificial Intelligence Medical Imaging, Surgical simulation, robotic surgery, virtual simulators",Politecnico di Milano
344,0000-0003-0705-9809,Rahuman S,Malik Sheriff,Senior Project Leader,Nessuna,European Bioinformatics Institute
345,0000-0002-1072-7006,Guang,Li,N/A,Nessuna,N/A
346,0000-0002-6226-981X,Krzysztof,Mnich,N/A,Nessuna,N/A
347,0000-0002-3416-3129,Stefano,Russo,Medical Director,Nessuna,Santobono Children's Hospital
348,0000-0001-7154-9920,Xiaoran,QIN,N/A,Nessuna,N/A
349,0000-0003-3222-4044,Miguel Angel,Pujana,N/A,Nessuna,N/A
350,0000-0001-6767-6660,john,jack,N/A,Nessuna,N/A
351,0000-0001-6760-7200,Martina,Fröhlich,N/A,Nessuna,N/A
352,0000-0002-5931-4835,Michael,Freeman,N/A,Nessuna,N/A
353,0000-0002-5097-372X,Thomas,Larrieu,N/A,Nessuna,N/A
354,0000-0002-2360-6617,CARMEN,RODRIGUEZ,N/A,Nessuna,N/A
355,0009-0008-1583-2914,Sana,Kashgouli,N/A,Nessuna,N/A
356,0000-0002-3900-8590,Nikola,Banić,N/A,Nessuna,N/A
357,0000-0003-4198-6606,Alberto,RAIMONDI,N/A,Nessuna,N/A
358,0000-0003-3002-8453,xin xin ,li,N/A,Nessuna,N/A
359,0009-0006-2471-8473,Vasily,Tesalin,N/A,Nessuna,N/A
360,0000-0003-2610-1291,Orla,Hardiman,"National Clinical Lead, Neurology ","Genomics, Amyotrophic Lateral Sclerosis, Deep phenotyping, Population genetics, Health Services",Health Service Executive
361,0000-0003-4995-780X,Clemens,Wrzodek,Senior Scientist,Nessuna,Roche Innovation Center Munich
362,0000-0002-0724-7060,Stephen,Garnett,N/A,Nessuna,N/A
363,0000-0002-6621-3573,Christoph,Flamm,N/A,Nessuna,N/A
364,0000-0002-5499-0850,Zheng,Hui,N/A,Nessuna,N/A
365,0000-0002-5257-6867,Jing-Jing,LIU,N/A,Nessuna,N/A
366,0000-0002-4587-0806,Carlos,Fernandez Lozano,N/A,Nessuna,N/A
367,0000-0002-0148-0662,Renan,Greca,PhD Candidate,Nessuna,Gran Sasso Science Institute
368,0000-0003-4037-7235,Franco,Manessi,N/A,Nessuna,N/A
369,0000-0001-8503-8371,Stefan,Hoops,N/A,Nessuna,N/A
370,0000-0003-1998-492X,Sylvia,Richardson,N/A,Nessuna,N/A
371,0000-0001-7917-0771,Martine,De Cock,Professor,Nessuna,University of Washington Tacoma
372,0000-0002-0715-5887,Hua,Xu,N/A,Nessuna,N/A
373,0000-0001-7341-8385,Jeremy,Jacobsen,,Nessuna,"Bioloomics, Inc."
374,0000-0002-7285-7885,In Sock,Jang,Directer,Nessuna,Prometheus Biosciences
375,0000-0002-4851-1374,HSIH-TE,YANG,Sr. Oncology Bioinformatcian,"Precision Oncology, Bioinformatics, Cancer Data Science, Drug Discovery, Antibody and Vaccine for Virus Infection",Atrium Health
376,0000-0001-6336-6868,Marina Cartaxo Braga Morais de,Oliveira,N/A,Nessuna,N/A
377,0000-0002-9290-7894,Nicolas,Rodriguez,,"SBML, bioinformatics, European Bioinformatics Institute, Babraham Institute",Babraham Institute
378,0000-0002-4195-6397,Anna,Guidetti,,Nessuna,Università degli Studi di Milano
379,0000-0003-3842-2826,Luis,García de Guadiana Romualdo,N/A,Nessuna,N/A
380,0000-0003-1192-9555,Susan,Bernareggi,N/A,Nessuna,N/A
381,0000-0001-5199-1754,Eduardo ,Ballester,N/A,Nessuna,N/A
382,0000-0003-3131-4005,Hari,Sharma,N/A,Nessuna,N/A
383,0000-0001-9530-7504,Manuela,Helmer-Citterich,professor,Nessuna,University of Rome Tor Vergata
384,0000-0002-3567-7009,Sergio,Pulido Tamayo,N/A,Nessuna,N/A
385,0000-0003-3915-0404,Alicia,Amadoz,N/A," Molecular epidemiology,  Population genetics,  Systems biology,  Evolutionary biology,  Biological pathways, Computational biology,  Functional genomics, Bioinformatics",N/A
386,0000-0003-4938-1935,Zhengyang,Liu,N/A,Nessuna,N/A
387,0000-0001-5697-1656,Jiaming,LIU,N/A,Nessuna,N/A
388,0000-0002-9067-1531,John,Sullivan,Scientist,Nessuna,Los Alamos National Laboratory
389,0000-0002-7211-8724,Simone,Bianco,N/A,Nessuna,N/A
390,0000-0003-2518-5147,Jing,Lin,N/A,Nessuna,N/A
391,0000-0001-7140-0130,Ruikang,Xu,N/A,Nessuna,N/A
392,0000-0003-3837-2929,Ulrike,Wittig,Resident,Nessuna,Universitätsklinikum Krems
393,0000-0001-5442-2063,Hong,Tran,N/A,Nessuna,N/A
394,0009-0009-2413-5149,Giovanni Donato,Gallo,N/A,Nessuna,N/A
395,0000-0003-1739-5910,Deyu,Meng,N/A,Nessuna,N/A
396,0000-0001-9218-6452,Salim,Bougouffa,Senior Computational Biologist,Nessuna,King Abdullah University of Science and Technology (KAUST)
397,0000-0003-0015-9866,ACHILLE,PATTAVINA,N/A,Nessuna,N/A
398,0000-0003-0372-7232,Angelo Francesco,Gambino,Post-doc,Nessuna,Università degli Studi di Cagliari
399,0000-0002-3295-6686,Maria,Efimova,N/A,"dermatology, venerology, pathomorphology",N/A
400,0000-0001-6199-246X,Dorota,Sendorek,N/A,Nessuna,N/A
401,0000-0002-1411-9091,Viviana ,Arrigoni,Research Fellow,Nessuna,Sapienza University of Rome
402,0000-0003-1563-8130,SARWAN,ALI,N/A,Nessuna,N/A
403,0000-0003-3040-1860,Rached,Alkallas,N/A,Nessuna,N/A
404,0000-0001-7664-6930,Sheryl,Brahnam,N/A,Nessuna,N/A
405,0000-0003-2518-0151,Ahmed,Braham,Professor of Electrical Engineering,"Fault detection, Power Electronics, Induction Motor, Electrolytic capacitors, Pattern Recognition, Support Vector Machines","National Institute of Applied Sciences and Technology, University of Carthage"
406,0000-0001-8479-0262,Henning,Hermjakob,Team Leader,Nessuna,European Bioinformatics Institute
407,0000-0001-6381-8326,konstantinos,votis,N/A,Nessuna,N/A
408,0000-0001-8046-9746,Jonathan,Drew,N/A,Nessuna,N/A
409,0000-0002-1366-1399,Carole,Proctor,Lecturer,Nessuna,Newcastle University
410,0000-0001-7449-2528,Sepp,Hochreiter,Head,Nessuna,Johannes Kepler Universität Linz
411,0000-0001-7900-4239,Eduard,Porta-Pardo,Junior Group Leader,"Computational biology, Genomics, Cancer, Bioinformatics",Josep Carreras Leukaemia Research Institute
412,0000-0003-4989-2794,Yu-Jia (Sylvia),Shiah,Bioinformatician,Nessuna,Ontario Institute for Cancer Research
413,0000-0001-9105-5960,Michael,Hucka,,"scientific computing, software interoperability, data standards, preservation of data, systems biology, cognitive science, artificial intelligence",California Institute of Technology
414,0009-0008-9969-3981,Antonio,Carzaniga,,Nessuna,Università della Svizzera italiana
415,0000-0002-9520-5847,Lu-lu,Li,N/A,Nessuna,N/A
416,0000-0001-6905-9471,Marien,van Westen,N/A,Nessuna,N/A
417,0000-0002-0117-7444,Kathleen,Fisch,Assistant Professor,Nessuna,"University of California, San Diego"
418,0000-0002-8515-6738,Jaime Francisco,Gómez Gómez,Head,"Materials, design and design history, digital modeling",Universidad de Guadalajara
419,0000-0002-9691-4231,Karlo,Koscevic,,Nessuna,University of Zagreb
420,0000-0003-0841-6628,Mahendra,Khened,N/A,Nessuna,N/A
421,0000-0003-3929-4467,Jeong-Ho,Yun,"Associate Professor, Professor (Tenured)","Periodontology, Implantology, Dentistry, Tissue Engineering",Jeonbuk National University
422,0000-0001-9569-1200,Amy,Truong,,Nessuna,Sage Bionetworks
423,0000-0002-2785-2145,Songcheng,Du,N/A,Nessuna,N/A
424,0000-0002-5576-5647,Benedict,Anchang,Adjunct Investigator,Nessuna,National Cancer Institute
425,0009-0009-5292-6271,Yukai,Shi,,Nessuna,Shanxi University
426,0009-0003-5599-9181,Pietro,Polsinelli,N/A,Nessuna,N/A
427,0000-0002-6386-8267,Stefan,Graw,Biostatistician I,Nessuna,Everest Clinical Research
428,0000-0002-2509-271X,Andrea,Ruggieri,Profesor Asociado,Nessuna,Universitat Politècnica de València
429,0000-0003-4345-2069,Petar,Kochovski,N/A,Nessuna,N/A
430,0000-0001-9136-2055,Alberto,Castagna,N/A,Nessuna,N/A
431,0000-0003-4957-1026,raffaele,rasoini,N/A,Nessuna,N/A
432,0000-0002-6762-7989,wei,wei,N/A,Nessuna,N/A
433,0000-0003-3525-9197,Brian,Funt,N/A,Nessuna,N/A
434,0000-0002-5520-2115,Ehsan,Saghapour,N/A,Nessuna,N/A
435,0009-0000-8794-5581,En,Chang,PhD student,Nessuna,University of Oxford
436,0000-0002-1049-6391,Arseniy,Terekhin,N/A,Nessuna,N/A
437,0000-0002-5274-3194,Kai,Zhang,N/A,Nessuna,N/A
438,0000-0002-9415-1971,Kris,Sankaran,N/A,Nessuna,N/A
439,0000-0002-1145-891X,Joerg,Stelling,N/A,Nessuna,N/A
440,0000-0002-8266-7102,Yuanhao,Cai,N/A,Nessuna,N/A
441,0000-0002-5120-7429,li,zeng,N/A,Nessuna,N/A
442,0000-0002-1086-6639,Nicholas,Allen,"CEO, CO-founder",Nessuna,Ksana Health Inc.
443,0009-0008-7648-6867,Bhabatosh,Chanda,N/A,Nessuna,N/A
444,0000-0002-5553-9666,Barbara,Huang,N/A,Nessuna,N/A
445,0000-0003-1725-179X,Matthias,König,Junior Group Leader,"Systems Biology, Systems Medicine, Bioinformatics, Liver, Pharmacokinetics, Physiologically based pharmacokinetics (PBPK) model, Systems Biology Markup Language (SBML), CircleU, FAIR, Biology, Liver function test, Computational modelling, Mathematical modelling",Humboldt-Universität zu Berlin
446,0000-0003-1776-4560,Bárbara,Schmitz Abecassis,N/A,Nessuna,N/A
447,0000-0002-8308-1832,Daniele,Zuddas,Ricercatore in Geometria,Nessuna,Università degli Studi di Trieste
448,0000-0003-1706-5217,Weiguo,Song,N/A,Nessuna,N/A
449,0000-0003-1839-9366,FRANCESCO,EPIFANIA,N/A,Nessuna,N/A
450,0000-0002-1828-2486,John,Doyle,Jean Lou Chameau Professor,Nessuna,California Institute of Technology
451,0000-0002-1868-8224,Arezoo,Jahani,Assistant Professor,"Computer Network, Cloud Service, Data center, Distributed System",Sahand University of Technology
452,0000-0001-8584-0313,Marco,Rossignolo,N/A,Nessuna,N/A
453,0000-0002-9264-1280,Kedar Nath,Natarajan,,Nessuna,Technical University of Denmark
454,0000-0003-2467-6884,Fabrizio,Magugliani,Strategic Planning and Business Development,Nessuna,E4 Computer Engineering SpA
455,0000-0003-1326-426X,fita,safitri,N/A,Nessuna,N/A
456,0000-0001-7491-6095,Kyle,Roell,N/A,Nessuna,N/A
457,0000-0002-9307-3254,Falk,Schreiber,N/A,Nessuna,N/A
458,0000-0002-9740-0056,Jie,Liu,N/A,Nessuna,N/A
459,0000-0001-7856-6125,Stavros,Papadopoulos,N/A,Nessuna,N/A
460,0000-0002-3204-6359,Runde,Li,N/A,Nessuna,N/A
461,0000-0002-9995-5987,Dirk,Drasdo,Directeur de Recherche,Nessuna,Inria Centre de Recherche de Paris
462,0000-0001-9054-7314,Zhiwei ,Zhong,N/A,Nessuna,N/A
463,0000-0003-0605-239X,Akira,Funahashi,Professor,"Systems Biology, Quantitative Biology, Computational Biology, Parallel Processing, Numerical Calculation, Image Processing, Machine Learning",Keio University
464,0000-0002-2299-2309,Jüri,Reimand,Associate professor,Nessuna,University of Toronto
465,0000-0002-0567-7075,Edda,Klipp,N/A,Nessuna,N/A
466,0000-0001-7044-8706,Younghyun,Han,N/A,Nessuna,N/A
467,0000-0001-6700-7379,Or,Litany,N/A,Nessuna,N/A
468,0000-0001-9334-8513,Chiara,Fornari,Pharmacokinetic Specialist,Nessuna,Menarini Ricerche SpA
469,0000-0003-2675-353X,Ariel,Chernomoretz,N/A,"Complex systems, Systems biology, Complex networks",N/A
470,0000-0003-1373-8736,Lu-Lu,Xu,N/A,Nessuna,N/A
471,0000-0002-7928-4944,Witold,Rudnicki,Associate Professor,"bionformatics, machine learning, GPU programming",University of Białystok
472,0000-0001-8203-2513,Kenneth,Jung,N/A,Nessuna,N/A
473,0000-0002-6328-5926,Luigi,Celona,Dirigente Tecnologo,Nessuna,Istituto Nazionale di Fisica Nucleare
474,0000-0002-6378-125X,Fabrizio,Benedicenti,N/A,Nessuna,N/A
475,0000-0001-7800-0674,Guocai,Chen,N/A,Nessuna,N/A
476,0000-0002-5440-4620,Jingdong,Liu,N/A,Nessuna,N/A
477,0000-0002-4220-2474,Giulio,Spinozzi,Expert in Monitoring and Control of Complex Procedures,"Data Science, Cloud Computing, Computational Biology, Bioinformatics, Big Data, Machine Learning, Linux Certified",Regione Umbria
478,0000-0002-3573-5993,Aarne,Talman,,Nessuna,University of Helsinki
479,0000-0002-2501-9563,Sunhee,Hwang,N/A,Nessuna,N/A
480,0000-0003-3082-525X,Manuel,Calaza Cabanas,N/A,Nessuna,N/A
481,0009-0004-8580-8806,Gaetano,Chiriaco,AI Applied Research,Nessuna,LINKS Foundation
482,0000-0002-7156-6621,John,Wagner,N/A,Nessuna,N/A
483,0000-0003-0553-3220,Daniel,Rotroff,Assistant Staff,Nessuna,Cleveland Clinic
484,0000-0003-0491-7396,shile,zhang,N/A,Nessuna,N/A
485,0000-0002-5665-0235,xiaochen,wang,,Nessuna,Shaanxi Green Wiser Environmental Protection Technology Company Limited
486,0000-0002-5823-4964,Marcos V,Conde,PhD Researcher,"AI, Neural Networks, Computer Vision, Computational Photography, Image Processing, Deep Learning",Julius-Maximilians-Universität Würzburg
487,0000-0001-8074-7793,Roberto,Avogadro,N/A,Nessuna,N/A
488,0000-0002-1429-1692,Zhaleh,Safikhani,N/A,Nessuna,N/A
489,0000-0002-8402-619X,xianming,liu,N/A,Nessuna,N/A
490,0000-0001-7558-9225,Lei Lei,Xie,N/A,Nessuna,N/A
491,0000-0002-0037-215X,Dong-Jin,Lim,N/A,Nessuna,N/A
492,0000-0003-0147-9378,Anna,Carobene,N/A,Nessuna,N/A
493,0000-0001-6890-3650,Liangpei,Zhang,N/A,Nessuna,N/A
494,0000-0002-5248-9931,wenkai,ji ,N/A,Nessuna,N/A
495,0000-0002-0785-1583,Daniele,Vigo,,Nessuna,Cambrex Profarmaco Milano
496,0000-0002-7350-6593,GIOVANNI PAOLO,GIBILISCO,N/A,Nessuna,N/A
497,0000-0002-9264-9725,Xiao,Chou,N/A,Nessuna,N/A
498,0000-0002-5543-0505,Cristiano,Carlomagno,Strategic R&D Manager,"Orthopedic, Nanotechnology, Research and Development, Clinical Translation",Rancate
499,0009-0000-7290-3549,Lorenzo,Olearo,,Nessuna,University of Milano-Bicocca
500,0000-0002-3617-5916,Francesco,Musumeci,N/A,Nessuna,N/A
501,0009-0002-9087-8310,"Chern Wey, Joshua",Low,N/A,Nessuna,N/A
502,0000-0003-3896-6911,Mahmoud,ElHefnawi,Professor,Nessuna,National Research Centre
503,0009-0004-9571-1557,Chad,Allen,N/A,Nessuna,N/A
504,0000-0001-5048-1816,Nakyung,Lee,N/A,Nessuna,N/A
505,0000-0003-1695-6763,Piero,Dalle Pezze,Senior Bioinformatics Software Engineer,Nessuna,Congenica Ltd
506,0000-0003-2754-6567,Lan-Lan,Zhao,N/A,Nessuna,N/A
507,0000-0001-5360-1262,Giovanni Andrea,La Maida,MD,Nessuna,Istituto Ortopedico Gaetano Pini
508,0000-0001-7518-5773,Carmelo,Messina,Assistant Professor - RTDA,Nessuna,Università degli Studi di Milano
509,0000-0002-4299-0060,Davide,Ferrari,N/A,Nessuna,N/A
510,0000-0002-1373-5802,PATRIZIA,STECA,N/A,Nessuna,N/A
511,0009-0000-0488-5684,Zhexin,Liang,N/A,Computer Vision,N/A
512,0000-0002-5251-8181,Giovanni,Di Veroli,N/A,Nessuna,N/A
513,0000-0002-0484-6631,Chang-Chang,Chen,Assistant research fellow,Nessuna,National Research Institute of Chinese Medicine
514,0000-0003-1063-4157,Lijun,Cheng,N/A,Nessuna,N/A
515,0000-0002-6306-0823,Ziv,Shkedy,N/A,Nessuna,N/A
516,0009-0002-9557-2329,SHUYI,ZHAO,Lecturer,Nessuna,Northeastern University
517,0000-0003-2796-9180,Sylvia,Plevritis,N/A,Nessuna,N/A
518,0000-0001-9713-9567,Seyed Ali,Madani Tonekaboni,N/A,Nessuna,N/A
519,0000-0003-4966-1013,Marco Antonio,Camillo de Carvalho,Professor Adjunto,Nessuna,Universidade do Estado de Mato Grosso
520,0000-0002-1370-9401,Francesco,De Pellegrini,Professeur des Univesites,Nessuna,University of Avignon
521,0000-0002-1535-0092,huaqin,he,N/A,Nessuna,N/A
522,0000-0002-0088-0269,yifan,ding,N/A,Nessuna,N/A
523,0000-0003-2707-4387,Thea,Norman,N/A,Nessuna,N/A
524,0000-0002-1961-8199,RICHARD,COLLINS,,Nessuna,University of Colorado Boulder
525,0000-0002-5236-2842,Marco,Cicala,N/A,Nessuna,N/A
526,0000-0001-5514-6021,Albert,Kooistra,Associate Professor,Nessuna,University of Copenhagen
527,0000-0002-8315-4886,Leonidas,Guibas,N/A,Nessuna,N/A
528,0000-0002-5759-428X,William,Denney,Chief Scientist,Nessuna,Human Predictions
529,0000-0002-5770-8611,Sanchayan,Santra,N/A,Nessuna,N/A
530,0000-0002-2460-8892,chiara,damiani,Responsible,#museumeducation #socialinclusion #culturalmediation,Stazione Utopia
531,0000-0002-9284-0802,Georgi,Kanev,Sr Computational Research Scientist,Nessuna,St. Jude Children's Research Hospital
532,0000-0003-4727-9435,Michel,Dumontier,Distinguished Professor,"data science, biomedical informatics, drug discovery, semantic web, ontology, intelligent systems, k",Maastricht University
533,0000-0003-0374-4550,Roman,Schulte-Sasse,Senior Machine Learning Engineer,Nessuna,AIgnostics
534,0000-0003-3046-9814,Liang,Lin,N/A,Nessuna,N/A
535,0000-0001-7964-2492,Fabio,Stella,Chercheur associé,Nessuna,Université de Franche-Comté
536,0000-0002-7770-620X,Friederike,Ehrhart,Assistent Professor (tenured),"rare diseases, systems biology, bioinformatics, pathway and network analysis, omics data analysis, tissue engineering, neurological diseases, cell culture, tissue engineering, GMP, nanomaterials",Maastricht University
537,0000-0002-1920-7883,Kwang hyun,Cho,N/A,Nessuna,N/A
538,0000-0002-4663-5322,Ting-Wei,Chen,N/A,Nessuna,N/A
539,0009-0008-0384-9372,Jose,Caballero caballero ,N/A,Nessuna,N/A
540,0000-0002-2416-833X,Anna,Goldenberg,Senior Scientist,Nessuna,The Hospital for Sick Children
541,0000-0002-1841-2615,Shuai ,Liu,N/A,Nessuna,N/A
542,0000-0003-2597-2204,Jaesub,Park,N/A,Nessuna,N/A
543,0000-0002-2752-1565,MARCELLO,IMBRIANI,N/A,Nessuna,N/A
544,0000-0003-3774-994X,Xinbo,Gao,N/A,Nessuna,N/A
545,0009-0006-5374-7214,Yiyu,Yao,postgraduate,Nessuna,Jiangnan University
546,0000-0002-2425-852X,Adam,Godzik,Professor,Nessuna,University of California Riverside School of Medicine
547,0000-0002-3589-1953,Hiroaki,Kitano,Professor,Nessuna,Okinawa Institute of Science and Technology Graduate University
548,0000-0002-2942-1605,Stefania,Bandini,N/A,Nessuna,N/A
549,0000-0002-0389-5597,Tae Hyun,Hwang,N/A,"Bioinformatics, Computational Biology, Machine Learning",N/A
550,0000-0001-6058-515X,CARLO,GAMBACORTI PASSERINI,Full Professor of Hematology,CML TKI ALK+ Lymphoma aCML NGS,Università degli Studi di Milano-Bicocca
551,0000-0002-1423-1083,Gunel,Jahangirova,N/A,Nessuna,N/A
552,0000-0002-0099-5816,Alex,Karanevich,N/A,Nessuna,N/A
553,0000-0001-5492-7918,Barbara,Balser,N/A,Nessuna,N/A
554,0000-0002-7458-2782,Victoria,Romeo Aznar,N/A,Nessuna,N/A
555,0000-0002-6639-5661,ALVARO,LUQUE ARAPA,DOCENTE,Nessuna,Universidad Andina Nestor Caceres Velasquez
556,0009-0005-7088-5400,Gergana,Bounova,N/A,Nessuna,N/A
557,0000-0001-6962-6659,Yuzhi,Wang,N/A,Nessuna,N/A
558,0000-0001-7142-9443,Michael,Schubert,N/A,Nessuna,N/A
559,0000-0003-0050-5140,Robert,Kueffner,N/A,Nessuna,N/A
560,0000-0002-8171-6056,Janelle,Noel-MacDonnell,N/A,Nessuna,N/A
561,0000-0002-9876-4521,Shengfeng,Luo,,Nessuna,Southern University of Science and Technology
562,0000-0002-5801-7804,Marta R.,Hidalgo,,Nessuna,University of Valencia
563,0000-0003-1287-1906,Yuelong,Guo,,Nessuna,Grifols (United States)
564,0000-0001-7729-4666,Luca,Cosmo,N/A,Nessuna,N/A
565,0000-0002-8035-0259,tramy,nguyen,N/A,Nessuna,N/A
566,0000-0001-5435-4750,Vladimir,Bajic,"Professor, Applied Mathematics and Computational Science; Director, Computational Bioscience Research Center"," AI/machine learning/deep learning, text- & data- & knowledge-mining, information integration,  bioinformatics, drug repositioning, diagnostic & screening & prognostic biomarkers, function inference of transcripts and proteins, metagenomics, transcriptomics, regulation",King Abdullah University of Science and Technology (KAUST)
567,0000-0001-6183-4082,Cuong,Dang,N/A,"Photonics, Nanophotonics, Optoelectronics, LED, Laser",N/A
568,0000-0003-0876-1595,Alberto,Calderone,,Computer Science,Independent Researcher
569,0009-0009-6363-9569,Lei,Tang,,Nessuna,Central South University
570,0009-0000-4204-3955,Petra,Murinová,,Nessuna,University of Ostrava
571,0000-0002-5439-7918,Tatsuhiko,Tsunoda,Professor,Nessuna,The University of Tokyo
572,0000-0002-6709-1627,Kuldeep,Purohit,Postdoctoral Research Associate,Nessuna,Michigan State University
573,0000-0002-1438-0265,Daeseon,Choi,N/A,Nessuna,N/A
574,0000-0002-7699-8191,Martina,Kutmon,Assistant Professor,"Pathway analysis, Network Biology, WikiPathways, PathVisio, Cytocape, CyTargetLinker, Systems Biology, Bioinformatics",Maastricht University
575,0000-0002-1634-9034,Albert A.,Antolin,Principal Investigator,Nessuna,Institut d'Investigació Biomédica de Bellvitge
576,0000-0002-1179-3304,Yasi,Wang,N/A,Nessuna,N/A
577,0000-0003-4937-9683,Michela,Seghezzi,N/A,Nessuna,N/A
578,0000-0002-8383-3504,oscar,cornejo,N/A,Nessuna,N/A
579,0009-0003-7847-7714,Hiroaki,Kitano,N/A,Nessuna,N/A
580,0000-0003-4648-4648,Yoon Keun,Kwak,Professor,Nessuna,Kumoh National Institute of Technology
581,0000-0002-7600-9752,Pasura,Aungkulanon,N/A,Nessuna,N/A
582,0000-0002-0151-4850,Dmitry,Nikolaev,N/A,Nessuna,N/A
583,0000-0002-4058-5213,feiyu,huang,N/A,Nessuna,N/A
584,0000-0002-2568-2381,Wolfram,Liebermeister,,Systems biology,INRAE Centre de Jouy-en-Josas
585,0000-0002-2605-5080,Jonathan,Karr,Fellow,"systems biology, translational medicine, computational biology, modeling",Icahn School of Medicine at Mount Sinai
586,0000-0002-8754-6377,Martin,Meier-Schellersheim,Senior Investigator / Section Chief,Nessuna,National Institute of Allergy and Infectious Diseases
587,0000-0002-4833-6959,Sara,Santos,N/A,Nessuna,N/A
588,0000-0002-9213-6903,Jinying,Huang,N/A,Nessuna,N/A
589,0000-0002-4845-4509,ANNA,FERRARI,N/A,Nessuna,N/A
590,0000-0003-0833-805X,Runnan,Zhou,N/A,Nessuna,N/A
591,0000-0002-1856-2330,Nazem,Atassi,"Head, Early Neuro Development ",Nessuna,Sanofi Genzyme
592,0000-0002-8312-6295,Francesco,Giuliani,N/A,Nessuna,N/A
593,0000-0002-5381-8418,Alexander,Chatzigeorgiou,N/A,Nessuna,N/A
594,0000-0001-5791-1217,Stuart,SEALFON,N/A,Nessuna,N/A
595,0009-0009-4538-4494,I-Hsiang,Chen,N/A,Nessuna,N/A
596,0000-0002-8041-8524,Jeremy,Ash,AI/ML Drug Discovery Data Scientist,Nessuna,Janssen Research and Development
597,0000-0002-9224-754X,ERALDO,PAULESU,Full Professor of Cognitive Neuroscience,Nessuna,Universita degli Studi di Milano-Bicocca
598,0000-0002-1711-5053,Liv,Thommesen,N/A,Nessuna,N/A
599,0000-0002-5515-7289,Joo-Ryun,Chung,N/A,Nessuna,N/A
600,0000-0002-2558-2911,Wenwen,Min,Associate Professor,"Deep Learning, Machine Learning, Bioinformatics, AI in Computational Biology",Yunnan University
601,0000-0002-9067-0918,Hoifung,Poon,N/A,Nessuna,N/A
602,0009-0003-5682-3129,Aziz Ali,Khan,Research Fellow,"Food security, rural livelihoods, medicinal and aromatic plants, degradation, Juniper forests,, indigenous knowledge, social resilience,, Yak, pastoralists, snow leopard, Chitral, Badakhshan, Afghanistan, Pamir region, Tajikistan, environmental degradation, climate change, effects and impacts, adaptation,","University of Central Asia Khorog, Tajikistan"
603,0000-0002-5458-7404,Sven,Sahle,N/A,Nessuna,N/A
604,0009-0005-5807-6467,jinhui,Tang,N/A,Nessuna,N/A
605,0000-0002-4263-3143,Fahad Shahbaz,khan,Biträdande universitetslektor,Nessuna,Linkopings universitet
606,0000-0002-3348-6380,Claus,Koestler,N/A,Nessuna,N/A
607,0000-0001-7130-2637,Sang-Won,Lee,N/A,Nessuna,N/A
608,0000-0001-8501-5348,Azedine,Zoufir,N/A,Nessuna,N/A
609,0000-0002-5630-7189,luca',maria,N/A,Nessuna,N/A
610,0000-0003-3713-4283,Pietro,Vinetti,N/A,Nessuna,N/A
611,0009-0009-7176-6242,Georgy,Perevozchikov,Researcher (PhD),Nessuna,University of Würzburg
612,0000-0003-0185-8861,Gary,Bader,Professor,computational biology,University of Toronto
613,0009-0000-5444-625X,Sampada,Malagi,N/A,Nessuna,N/A
614,0000-0002-8246-9181,Richard,Lewis,Research Associate,"music information retrieval, musicology",Goldsmiths University of London Department of Computing
615,0000-0003-3028-5150,Donatien,Chedom Fotso,N/A,Nessuna,N/A
616,0000-0002-8529-1972,Ali ,Ebrahim,N/A,Nessuna,N/A
617,0000-0001-5525-7418,Sylvain,Soliman,,"Computational Biology, Systems Biology, Bioinformatics, Computer Science, Formal Methods, Petri nets",Inria Saclay - Île-de-France Research Centre
618,0000-0001-9819-3952,Kimberley,Hill,N/A,Nessuna,N/A
619,0000-0003-4848-2304,Ming-Hsuan,Yang,N/A,Nessuna,N/A
620,0000-0002-3075-0932,Raffaele,Giaffreda,N/A,Nessuna,N/A
621,0000-0001-9811-3975,Shizhuo,Liu,N/A,Nessuna,N/A
622,0009-0003-2366-8791,Florin Alexandru,Vasluianu,PhD Student,Nessuna,University of Würzburg
623,0000-0002-3893-9879,Pierre,Gestraud,N/A,Nessuna,N/A
624,0000-0001-7348-303X,Junqiang,Dai,N/A,Nessuna,N/A
625,0000-0002-4053-6657,Frederick,Zhang,N/A,Nessuna,N/A
626,0000-0003-3221-6212,Hao,Jiang,N/A,Nessuna,N/A
627,0000-0002-1134-6619,Xin,Jin,N/A,Nessuna,N/A
628,0000-0001-7847-5004,Davide,Brinati,Machine Learning Researcher - Data Scientist,Nessuna,IRCCS Istituto Ortopedico Galeazzi
629,0000-0002-2465-7141,NATALIA,JURISTO JUZGADO,,Nessuna,Universidad Politécnica de Madrid - Technical University of Madrid
630,0000-0003-0324-7052,Yudi,Pawitan,Professor,Nessuna,Karolinska Institutet
631,0000-0003-1137-1600,Song song,Wang,N/A,Nessuna,N/A
632,0000-0002-7398-6873,Haoqiang,Fan,N/A,Nessuna,N/A
633,0000-0002-9550-779X,Hao-Hsiang,Yang,N/A,Nessuna,N/A
634,0000-0002-9818-4316,Jean-Bernard,Salomond,N/A,Nessuna,N/A
635,0000-0003-2544-0478,pengyue,zhang,N/A,Nessuna,N/A
636,0000-0002-4823-4530,Lei-Lei,Li,N/A,Nessuna,N/A
637,0000-0002-3082-3214,Hyeran,Byun,N/A,Nessuna,N/A
638,0000-0002-8781-3615,Eve,Desplats,N/A,Nessuna,N/A
639,0000-0001-8569-3114,Sunghwan,Cho,N/A,Nessuna,N/A
640,0000-0002-7995-520X,Allen,Kim,N/A,Nessuna,N/A
641,0000-0002-3097-5621,Marijke,Van Moerbeke,N/A,Nessuna,N/A
642,0000-0001-5317-2111,Melaine A,Kuenemann,Postdoctoral Research Associate,Nessuna,North Carolina State University
643,0000-0002-7795-4422,Doaa,Altarawy,N/A,Nessuna,N/A
644,0000-0001-7099-0394,kiseong,kim,N/A,Nessuna,N/A
645,0000-0002-5394-7324,barış,özcan,M.D. / general surgeon / surgical oncology,Nessuna,Memorial&Medstar Oncology Group /Medstar Antalya Hospital
646,0000-0002-4725-9963,Wenyi,Tang,N/A,Nessuna,N/A
647,0000-0002-1202-0194,Marina Jeaneth,Machicao Justo,Pósdoutorado,"Deep Learning, Data Science, Big Data, Complex Networks, Network Automata",Universidade de São Paulo Escola Politécnica
648,0000-0002-6454-9065,Chao-chao,Zhang,N/A,Data envelopment analysis,N/A
649,0000-0003-0998-7561,Joshua,Knight,Research Staff Member,Nessuna,IBM Thomas J Watson Research Center
650,0000-0003-1225-0931,Christopher,Lalansingh,N/A,Nessuna,N/A
651,0000-0002-5193-8782,Francisco J.,Vico,N/A,Nessuna,N/A
652,0000-0002-5077-7518,PAOLO,LAGO,N/A,Nessuna,N/A
653,0000-0003-0725-9202,Songhyun,Yu,N/A,Nessuna,N/A
654,0000-0002-2824-1215,Filio,Billia,N/A,Nessuna,N/A
655,0000-0002-8799-4495,Tanvir,Alam,eExam Supervisor,"Waste-to-Energy,Biomass and Bioenergy, Gasification, Combustion, Ash Slagging,  Waste Management",Monash  University
656,0000-0003-2996-5714,Alice,Gualerzi,,"extracellular vesicles, regenerative medicine, Raman spectroscopy, neurological disorders, human anatomy, histology, stroke, rehabilitation",Fondazione Don Carlo Gnocchi
657,0000-0002-6076-7460,Arvi Johannes,Hurskainen,N/A,Nessuna,N/A
658,0000-0002-2279-5559,vito,chianca,N/A,Nessuna,N/A
659,0000-0002-0204-1709,Mingwei,Zhang,N/A,Nessuna,N/A
660,0000-0002-9993-7017,Xuelu,Li,N/A,Nessuna,N/A
661,0000-0001-9836-9487,Laura,Danelli,N/A,Nessuna,N/A
662,0000-0001-8210-2163,Elizabeth,Coker,N/A,Nessuna,N/A
663,0000-0002-3108-8311,Dominik,Heider,Diretor,Nessuna,University of Münster
664,0000-0001-6345-6396,hao,wang,N/A,Nessuna,N/A
665,0009-0008-7504-694X,Alessandro,Barbaro,N/A,Nessuna,N/A
666,0000-0002-6991-0315,Shuilian,Xie,N/A,Nessuna,N/A
667,0000-0002-6145-2153,Ashley,Wang,N/A,Nessuna,N/A
668,0000-0002-0660-8389,Tommaso,Pasini,N/A,Nessuna,N/A
669,0000-0003-2173-9819,VALENTINA,CRIPPA,N/A,Nessuna,N/A
670,0009-0007-8671-7924,Omar,Elezabi,PhD Student,Nessuna,University of Würzburg
671,0000-0002-3597-4310,Roger,Guimera,ICREA Research Professor,Nessuna,Universitat Rovira i Virgili
672,0000-0002-2555-040X,JINHAN,KIM,N/A,Nessuna,N/A
673,0000-0003-0299-7206,Cheolkon,Jung,N/A,Nessuna,N/A
674,0000-0002-1716-658X,Maurilio Cosimo,BRUNO,consulente,"CHIRURGIA DELLA MANO, MICROCHIRURGIA, PLESSO BRACHIALE, NERVI PERIFERICI, PROTESI DI GOMITO",Policlinico di Monza SpA
675,0000-0001-9311-6755,Pedro,Mendes,N/A,"Computer Graphics, Computer Vision, Human-Computer Interaction",N/A
676,0000-0003-3047-8948,Alfredo,Raglio,N/A,Nessuna,N/A
677,0000-0002-6514-5265,Riccardo,Bergamin,N/A,Nessuna,N/A
678,0000-0002-8372-3858,Andrea,Di Rosa,Research Fellow,Archaeology; Arts and Humanities; Social Sciences,University of Haifa
679,0000-0003-2981-043X,Matthias,Klumpp,N/A,Nessuna,N/A
680,0000-0002-8221-6694,Stefania,Guida,,Nessuna,Vita-Salute San Raffaele University
681,0000-0003-4392-8725,Livia,Perfetto,Assistant Professor (RTDB),Nessuna,Universita degli Studi di Roma La Sapienza Dipartimento di Biologia e Biotecnologie Charles Darwin
682,0000-0001-8565-9194,Marin,Lujak,Distinguished Researcher Lecturer,"Distributed Computational Optimization, Multi-Agent Systems, Coordination",Universidad Rey Juan Carlos
683,0000-0002-7147-2318,Chia Hsuan,Hsieh,N/A,Nessuna,N/A
684,0000-0001-8068-426X,Hamid,Bolouri,,Nessuna,Fred Hutchinson Cancer Research Center
685,0000-0002-3609-1149,michael,yu,N/A,Nessuna,N/A
686,0000-0002-8690-2587,MARCO ERCOLE,VANONI,N/A,Nessuna,N/A
687,0000-0003-2002-2277,Magali,Michaut,,Nessuna,Københavns Universitet
688,0000-0003-4391-1130,Weng Khong,Lim,Assistant Professor,Nessuna,Duke-NUS Medical School
689,0000-0002-3466-6535,Emre,Guney,N/A,"computational biology, network medicine, disease bioinformatics, systems pharmacology",N/A
690,0000-0002-8824-6165,michael,kozak,N/A,Nessuna,N/A
691,0000-0002-0279-2000,Tian,Ye,N/A,Nessuna,N/A
692,0000-0002-3759-3116,Jechang,Jeong,N/A,Nessuna,N/A
693,0000-0003-0845-7227,Matthew,Kirk,Postdoctoral Research Associate,Nessuna,Durham University
694,0000-0002-0550-7498,Luca,Moschella,Dottorandi,Nessuna,"Universita` degli Studi di ROMA ""La Sapienza"""
695,0000-0002-4929-4850,Umut,Sulubacak,PhD student,"Computational linguistics, Language technology, Machine translation, Natural language processing",University of Helsinki
696,0000-0003-2540-1735,Claudiney,Tinoco,N/A,"Swarm Robotics, Swarm Intelligence, Bio-inspired Computing, Evolutionary Computation, Complex Systems, Artificial Intelligence",N/A
697,0000-0002-0840-1445,Dafeng,Zhang,N/A,Nessuna,N/A
698,0009-0005-7574-4105,Weining,Qin,N/A,Nessuna,N/A
699,0009-0005-0662-1312,Po-Wei,Wang,N/A,Nessuna,N/A
700,0000-0003-2372-6878,ali,mohebbi,N/A,Nessuna,N/A
701,0000-0002-3502-6759,Michael,Brown,Principal Chemist,Nessuna,Oncodrug Ltd
702,0000-0003-4383-8711,William,Hlavacek,Scientist,"systems biology,  quantitative biology,  rule-based modeling",Los Alamos National Laboratory
703,0000-0002-5171-9096,Yukiko,Matsuoka,Senior Scientist,Nessuna,Systems Biology Institute
704,0000-0002-1859-3719,Alida,Palmisano,Bioinformatics Researcher,Nessuna,National Cancer Institute
705,0000-0002-3901-8545,Ole,Vang,"VIP, Associate Professor","Combinatory effect, Resveratrol, Indoles, Chemoprevention",Roskilde University
706,0000-0002-9011-4444,Marwen,Sallem,N/A,Nessuna,N/A
707,0000-0003-1757-1865,Shihua,Zhang,N/A,Nessuna,N/A
708,0000-0003-3943-7181,Yuchen,Fan,N/A,Nessuna,N/A
709,0000-0002-1129-8610,Dongliang,He,N/A,Nessuna,N/A
710,0000-0002-5405-0252,Lei lei,Zhang,N/A,Nessuna,N/A
711,0000-0003-2852-3869,Rakesh,Shiradkar,,Nessuna,Indiana University Indianapolis
712,0000-0003-4889-2768,FRANCESCO,BARTOLI,N/A,Nessuna,N/A
713,0000-0003-4186-3788,David,Gomez-Cabrero,,Nessuna,Karolinska University Hospital
714,0000-0002-7192-9402,jing,tang,N/A,Nessuna,N/A
715,0000-0002-8931-7105,Matthew,Cox,"Physician, Otology and Neurotology","Otology, Neurotology, Cochlear Implant, BAHA, Hearing Loss, Ear, Tympanoplasty, Mastoidectomy, Retrograde Mastoidectomy, Cartilage Tympanoplasty, Stapes, Stapedotomy, Stapedectomy, Ossiculoplasty, OCR",Florida Otolaryngology Group PA
716,0000-0003-1473-5350,Siu Chung,Wong,Associate Professor,Nessuna,Hong Kong Polytechnic University
717,0000-0003-2815-7045,Kieran,Smallbone,N/A,Nessuna,N/A
718,0000-0001-5364-7316,Tommaso,Calarco,,Nessuna,Forschungszentrum Jülich
719,0000-0001-7029-5551,Marc,Tarres-Vives,Dr. Profesor agregado (acreditado TU),Nessuna,Universidad de Barcelona
720,0000-0002-5171-5239,Chiara,Natali,N/A,Nessuna,N/A
721,0000-0001-6191-5595,Stuart,Moodie,N/A,Nessuna,N/A
722,0000-0002-1352-4220,Krister,Wennerberg,,Nessuna,Københavns Universitet
723,0000-0003-3544-0535,Pengxu,Wei,N/A,Nessuna,N/A
724,0000-0002-3777-8268,Jussi,Gillberg,N/A,Nessuna,N/A
725,0000-0002-1544-8794,shanhu,wang,N/A,Nessuna,N/A
726,0009-0002-8850-8599,MIKHAIL,TCHOBANOU,N/A,Nessuna,N/A
727,0000-0002-1622-8400,Paola,Baiardi,N/A,Nessuna,N/A
728,0000-0002-4158-1644,Adrian,Rutle,Professor,Nessuna,Western Norway University of Applied Sciences
729,0000-0002-2576-6497,Yiyi,Liu,N/A,Nessuna,N/A
730,0000-0002-8912-7213,Daniel,Lucio,N/A,Nessuna,N/A
731,0000-0002-8635-3848,noa,ben david,N/A,Nessuna,N/A
732,0000-0001-8721-202X,Huaiyu,Mi,Associate Professor,Nessuna,Keck School of Medicine of USC
733,0000-0003-2120-8647,Mostafa,Karimi,N/A,Nessuna,N/A
734,0000-0002-7828-0415,Lei,Lei,N/A,Nessuna,N/A
735,0000-0002-0786-8377,Sorin,Draghici,Program Director,"Bionformatics, Computational biology, Machine learning, Neural networks",National Science Foundation
736,0000-0002-9898-9616,Bart,Westerman,N/A,Nessuna,N/A
737,0000-0002-7077-4912,Angelo,Facchiano,Research Director - Staff Researcher - Group Leader,Nessuna,"National Research Council, Italy"
738,0000-0002-0049-8238,James,Liley,N/A,Nessuna,N/A
739,0000-0002-2151-804X,Cosmin,Ancuti,N/A,Nessuna,N/A
740,0000-0002-2055-2836,Ranjan,Mondal,N/A,Nessuna,N/A
741,0000-0003-0618-0690,Jorge,Lopez-Castroman,N/A,Nessuna,N/A
742,0000-0002-7109-1638,Vikas Kumar,Anand,N/A,Nessuna,N/A
743,0009-0003-5838-5329,Mattia,Sgro,PhD Student,Nessuna,Università degli Studi di Milano-Bicocca
744,0000-0002-2956-7815,Axel Wolf,von Kamp,N/A,Nessuna,N/A
745,0009-0003-5029-9100,Andrea,Riboni,N/A,Nessuna,N/A
746,0009-0003-1182-5577,Paolo,ROSSO,N/A,Nessuna,N/A
747,0000-0002-5164-3108,Dong-Wook,Kim,N/A,Nessuna,N/A
748,0000-0001-9112-8699,IRENE,SALA,N/A,Nessuna,N/A
749,0000-0002-0293-171X,Chiara,NATALI,Technician,Nessuna,University of Florence
750,0000-0002-7198-0187,Syed Waqas,Zamir,N/A,"Syed Waqas Zamir, swzamir, S.W. Zamir",N/A
751,0000-0002-8356-1457,Nanne,Aben,N/A,Nessuna,N/A
752,0000-0002-3173-2533,Ran,Zhu,N/A,Nessuna,N/A
753,0000-0003-3227-1246,Weronika,Kamola-Uberman,"wykładowca, adiunkt",Nessuna,WSB Merito University in Gdańsk
754,0000-0002-1540-904X,Ming-ming,Chen,N/A,Nessuna,N/A
755,0000-0002-8683-7084,Martin,Golebiewski,Expert for Systems Biology Standards and Data Management,"Scientific data management, Systems Biology, Biomedical Standards, Data standards, Modelling standards, ISO, COMBINE, Systems Medicine, Virtual Liver, Data integration",HITS gGmbH
756,0000-0003-2238-2372,James,Moon,,Nessuna,University of Michigan
757,0000-0001-5272-6477,Marco,Leonardi,N/A,Nessuna,N/A
758,0000-0002-1134-6758,Boris,Steipe,Professor emeritus,Nessuna,University of Toronto
759,0000-0002-5169-7253,Luca,Rosato,Attending,Nessuna,Azienda Unità Sanitaria Locale di Piacenza
760,0000-0002-5780-7417,Rama,Raghavan,N/A,Nessuna,N/A
761,0000-0002-5528-3031,Carmen,Guerrero,N/A,Nessuna,N/A
762,0000-0001-5864-9281,Yi-Chung,Chen,Assistant Professor,Nessuna,Tennessee State University
763,0000-0002-2169-4588,Kathleen,Marchal,ASSOCIATE PROFESSOR,"bioinformatics, systems biology",Universiteit Gent
764,0009-0003-0443-3663,Ibrahim,Vazirabad,Bioinformatics Analyst III,Nessuna,Medical College of Wisconsin
765,0009-0003-8721-8693,Wenjin,Zheng,,Nessuna,Dehua County Hospital
766,0000-0002-5588-1090,Neta,Zach,N/A,Nessuna,N/A
767,0000-0002-2027-7993,Bessem,Sayadi,Research Manager,Nessuna,Nokia Bell Labs
768,0000-0001-9227-5914,Daniel,Mason,N/A,Nessuna,N/A
769,0000-0002-3180-5966,Jean-Baptiste,Pettit,N/A,Nessuna,N/A
770,0000-0001-9043-3915,matteo,lombardi,N/A,Nessuna,N/A
771,0000-0001-7554-1862,Henning,Schmidt,N/A,Nessuna,N/A
772,0000-0001-8156-3136,yizi,chen,N/A,Nessuna,N/A
773,0000-0001-9254-7270,Zhiqiang ,Lang,N/A,Nessuna,N/A
774,0000-0001-5521-7029,Minsoo,Choi,N/A,Nessuna,N/A
775,0000-0002-8140-6525,Marta,Sales-Pardo,Professor,"complex systems, complex networks, science of science, data analysis, systems biology",Universitat Rovira i Virgili
776,0000-0001-6640-7717,Marlene ,de Jesus de Santos,N/A,Nessuna,N/A
777,0000-0003-2871-8009,Alessandro,Tibaldi,Full professor,Nessuna,Università degli Studi di Milano-Bicocca
778,0000-0002-4166-5450,camilla,alderighi,N/A,Nessuna,N/A
779,0000-0002-0216-8873,Lodewijk Reinier Johannes,De Ruiter,N/A,Nessuna,N/A
780,0000-0002-7934-5495,Pedro,Monteiro,Associate Professor,"Computational Biology, Algorithms, Formal Verification, Biological Networks, Discrete event systems",Universidade de Lisboa Instituto Superior Técnico
781,0000-0001-7112-9328,Fengkai,Zhang,N/A,Nessuna,N/A
782,0000-0001-5050-8687,Paola,Vallerio,N/A,Nessuna,N/A
783,0000-0001-9197-6292,Renwei,Dian,N/A,Nessuna,N/A
784,0000-0002-2036-494X,Isidro,Cortes Ciriano,Research Group Leader,"cancer genomics, computational biology, genome instability, machine learning, drug discovery",European Bioinformatics Institute
785,0000-0002-0905-0958,Federico,Scaramelli,N/A,Nessuna,N/A
786,0000-0002-6717-2451,Julien,Dorier,N/A,Nessuna,N/A
787,0000-0002-5228-5410,anjing,guo,N/A,Nessuna,N/A
788,0000-0002-8479-6688,Rui,Ye,N/A,Nessuna,N/A
789,0000-0002-1762-9441,italo,zoppis,N/A,Nessuna,N/A
790,0000-0002-5847-2145,Miguel,Pincheira Caro,Postdoctoral Researcher,Nessuna,Fondazione Bruno Kessler
791,0000-0001-5358-7958,rashid,amin,N/A,Nessuna,N/A
792,0000-0003-1317-7422,Manuela,Zucknick,N/A,Nessuna,N/A
793,0000-0002-3620-2582,Hanspeter,Pfister,An Wang Professor of Computer Science,Nessuna,Harvard University
794,0000-0002-2452-9684,Melissa,Ko,Associate Professor,Nessuna,"School of Medicine, Indiana University"
795,0000-0002-4591-7096,LUCA,GAZZOLA,N/A,Nessuna,N/A
796,0000-0002-9320-5704,Bence,Szalai,postdoc,Nessuna,Hungarian Academy of Sciences
797,0000-0002-3568-150X,Sami,Virpioja,,Nessuna,University of Helsinki
798,0000-0002-3463-2263,FRANCESCA,ODONE,,Nessuna,Università degli Studi di Genova
799,0000-0002-9258-5303,Delora,Baptista,Postdoctoral Researcher,"Bioinformatics, Machine Learning, Cancer, Drug response prediction, Deep Learning",Instituto Gulbenkian de Ciência
800,0000-0002-0228-8701,Mauro Augusto,Campanella,Primo Tecnologo,Nessuna,Istituto Nazionale di Fisica Nucleare
801,0000-0003-1346-2493,Alison,Motsinger-Reif,,Nessuna,National Institute of Environmental Health Sciences
802,0000-0002-4954-3837,Riccardo,Pozzi,N/A,Nessuna,N/A
803,0000-0002-6505-2536,Didier,Dubois,N/A,Nessuna,N/A
804,0000-0003-3384-4368,Subrahmanyam,Murala,N/A,Nessuna,N/A
805,0000-0003-2083-2907,Alex,Gutteridge,N/A,Nessuna,N/A
806,0000-0002-5342-0426,Raúl,Sánchez-Vázquez,N/A,Nessuna,N/A
807,0000-0002-6243-4897,Lorenzo,Mella,N/A,Nessuna,N/A
808,0000-0003-4895-5976,LE MANH,QUAN,N/A,Nessuna,N/A
809,0009-0001-3320-6166,Sandro,Erba,N/A,Nessuna,N/A
810,0000-0003-2511-6483,Murray,Patterson,N/A,Nessuna,N/A
811,0000-0002-1491-4773,Loukia,Karacosta,Assistant Professor,Nessuna,University of Texas MD Anderson Cancer Center
812,0000-0002-3853-1339,Ching An,Huang,N/A,Nessuna,N/A
813,0000-0002-7806-785X,Keagan,Moo,N/A,Nessuna,N/A
814,0000-0002-4779-486X,Kristoffer H.,Hellton,Associate Professor,"Statistics, High-dimensional statistics",OsloMet – Oslo Metropolitan University
815,0000-0002-0180-4540,Simone,Lederer,Academic Researcher,Nessuna,Univeristy Clinic Tübingen
816,0000-0002-2520-3512,riccardo,borgoni,,Nessuna,Università degli Studi di Milano-Bicocca
817,0000-0002-9311-7093,Karthik,Raman,Professor,Nessuna,Indian Institute of Technology Madras
818,0000-0002-7218-2806,david,tamborero,N/A,"cancer, genomics, personalized medicine, big data, multi omics",N/A
819,0000-0001-5418-8916,Fanyu,Meng,N/A,Nessuna,N/A
820,0000-0002-9563-2136,Brunella,Gerla,,Nessuna,University of Insubria
821,0000-0003-3113-7942,Lorenz,Wernisch,N/A,Nessuna,N/A
822,0000-0002-8979-7647,Yongqiang,Li,N/A,Nessuna,N/A
823,0000-0002-9575-861X,Elias,Chaibub Neto,Senior Scientist,Nessuna,Sage Bionetworks
824,0000-0003-1810-5540,Yipeng,Ma,,Nessuna,"Shenzhen Innovation Immunotechnology Co., Ltd"
825,0000-0002-1089-4488,Farida S.,Akhtari,N/A,"Biostatistics, Statistical genetics, Computational biology, Precision medicine, Health data science",N/A
826,0000-0002-6531-8947,Marzieh,Samadi Foroushani,,Nessuna,Tehran Disaster Mitigation and Management Organization
827,0000-0003-0634-4384,Hector,Zenil,N/A,"algorithmic information dynamics, causality, machine learning, AI, cellular automata, randomness, epistemology",N/A
829,0000-0002-4315-4347,Haitham,Elmarakeby,,"Machine Learning, Natural Language processing, Genomics, Cancer discovery",Al-Azhar University
830,0000-0002-1891-3719,Pedro,Berjano,N/A,Nessuna,N/A
831,0000-0003-1169-0978,Berta,Chulvi,Senior R&D Psychologist ,Nessuna,Symanto Research
832,0000-0001-6094-6584,Jiang,He,N/A,Nessuna,N/A
833,0000-0002-4708-3179,Alessandro,Guidi,N/A,Nessuna,N/A
834,0000-0001-8401-2516,Zhiguo,Cao,N/A,Nessuna,N/A
835,0000-0003-4519-7030,Martin,Scharm,,Nessuna,CODE AHOI
836,0000-0002-9701-1851,Tomas,Radivoyevitch,Associate Staff,Nessuna,Cleveland Clinic
837,0000-0002-9818-6821,Stefano,Di Corato,N/A,Nessuna,N/A
838,0000-0001-7581-8497,Olexandr,Isayev,Carl and Amy Jones Professor of Chemistry,"machine learning, deep learning, molecular modeling, theoretical chemistry",Carnegie Mellon University
839,0000-0001-5411-9400,Domenico,Compagnone,N/A,Nessuna,N/A
840,0000-0002-6106-1347,Linda,Rieswijk,,Nessuna,Maastricht University
841,0000-0003-3653-1906,Tomáš,Helikar,Associate Professor,Nessuna,University of Nebraska - Lincoln
842,0000-0002-6414-0358,Massimo,Magagnoli,N/A,Nessuna,N/A
843,0000-0003-2208-9117,Thomas,Grubb,N/A,Nessuna,N/A
844,0000-0003-0852-1954,Richard,Meier,N/A,Nessuna,N/A
845,0000-0002-2386-8510,Anatoly,Chernyshev,N/A,Nessuna,N/A
846,0000-0003-3157-4309,Bin-Bin,Hu,N/A,Nessuna,N/A
847,0000-0002-5071-0161,Alexey,Petrovsky,Head of Department,Nessuna,"Federal Research Center “Computer Science and Control”, Russian Academy of Sciences"
848,0000-0002-3445-5711,Luc,Van Gool,N/A,Nessuna,N/A
849,0000-0002-0196-7534,maarten joost,de vos,Orthopaedic Surgeon,Nessuna,Tergooi Hospital
850,0000-0001-7597-0579,Twan,van Laarhoven,Assistant Professor,Nessuna,Radboud University Nijmegen
851,0000-0001-5723-3700,DANILO,PORRO,Docenti di ruolo di Ia fascia,"BIOTECNOLOGIE INDUSTRIALI, LIEVITI",Universita' di Milano Bicocca
852,0009-0004-3881-4752,Marko,Subasic,Medical Doctor,Nessuna,Clinical Center of Vojvodina
853,0000-0002-5827-0826,Avantika,Lal,Principal AI Scientist ,"Genomics, Machine Learning, Functional Genomics, Deep Learning",Genentech
854,0000-0003-3124-2152,Adib,Rastegarnia,,"Computer Networks, Software Defined Networking, Internet of Things, Wireless Networks",Purdue University
855,0000-0002-3330-783X,Wangmeng,Zuo,N/A,Nessuna,N/A
856,0000-0001-5371-0776,Bhagya,Wijayawardena,N/A,Nessuna,N/A
857,0009-0004-7626-8131,Caterina,Fregosi,PhD,Nessuna,University of Milano-Bicocca
858,0000-0001-5305-8044,Denis,Shepelev,N/A,Nessuna,N/A
859,0000-0003-4926-3672,Arjan,Gijsenij,N/A,Nessuna,N/A
860,0000-0003-2557-8338,Jue,Wang,N/A,Nessuna,N/A
861,0000-0003-3035-1365,Alex,Savchik,Stazher-issledovatel',Nessuna,Institut problem peredachi informatsii imeni A A Kharkevicha RAN
862,0000-0001-6188-6413,Erica,Tavazzi,,"Disease progression modeling, Machine learning, Process mining, Missing data imputation",Università degli Studi di Padova
863,0000-0003-1121-9908,Valerio Maria,Caccavella,Resident,"Orthopaedics and Traumatology, Spinal surgery, Machine Learning",Istituto Ortopedico Gaetano Pini
864,0000-0003-2563-7561,Steffen,Klamt,N/A,Nessuna,N/A
865,0000-0002-3225-4203,Aritro,Nath,Assistant Professor,Nessuna,City of Hope National Medical Center
866,0000-0002-0279-6351,Maximilien,de Bayser,N/A,Nessuna,N/A
867,0000-0001-5484-0994,Francesca,Guerriero,Borsista,Nessuna,Università degli Studi di Napoli Federico II
868,0000-0002-8742-6623,Maxime,Guériau,N/A,Nessuna,N/A
869,0000-0002-2504-2608,SY-YEN,KUO,N/A,Nessuna,N/A
870,0000-0003-2426-8258,Andrew,Finney,N/A,Nessuna,N/A
871,0000-0002-2797-6914,Mauro,Castelli,,Nessuna,Istituto Regina Elena
872,0009-0008-0800-1709,Katarzyna,Materka,Manager,"cloud computing, multi-cloud, machine learning",7Bulls (Melodic Cloud)
873,0000-0002-0248-2168,Amogh,Joshi,Cardiovascular Disease Fellow ,Nessuna,Lehigh Valley Health Network
874,0000-0002-5281-6410,David,Tolnay,N/A,Nessuna,N/A
875,0000-0002-2507-3172,Seungpyo,Hong,N/A,Nessuna,N/A
876,0000-0002-2318-3589,Fabien,Reyal,N/A,Nessuna,N/A
877,0000-0002-1654-4155,Alireza,Mazaheri,N/A,Nessuna,N/A
878,0000-0003-4137-2858,Jordi,Abante Llenas,Postdoctoral Researcher,Nessuna,Universitat de Barcelona
879,0000-0003-4011-8487,Yuichiro,Inagaki,N/A,Nessuna,N/A
880,0009-0002-2165-3003,Yash,Deshpande,,Nessuna,Vellore Institute of Technology University
881,0000-0001-8468-2050,Sigve,Nakken,Scientist,"cancer genomics, clinical bioinformatics, computational biology, systems pharmacology",Oslo University Hospital
882,0000-0003-2037-167X,Chunxia,Lei,N/A,Nessuna,N/A
883,0000-0002-9253-7838,david,falcao,Professor Adjunto,Nessuna,Instituto Politecnico de Castelo Branco
884,0009-0009-1143-2996,Antonio,Martini,N/A,Nessuna,N/A
885,0000-0003-2209-7504,Daniel,Ashlock,N/A,Nessuna,N/A
886,0000-0002-4517-0391,Lai-Kuan,Wong,Associate Professor,Nessuna,Multimedia University
887,0009-0006-4569-4693,Dohoon,Ryu,,Nessuna,SK Group (South Korea)
888,0000-0001-5283-8671,Luisa,Castagnoli,Full Professor,Nessuna,University of Rome Tor Vergata
889,0000-0002-2145-4998,jiajun,xiao,,Nessuna,Fudan University School of Basic Medical Sciences
890,0000-0001-9791-7613,Tzofi,Klinghoffer,N/A,Nessuna,N/A
891,0000-0003-0001-0295,Cliff,Shaffer,Professor,Nessuna,Virginia Polytechnic Institute and State University
892,0000-0002-4502-4925,Chenchen,Xu,N/A,Nessuna,N/A
893,0000-0002-0240-1065,Norimichi,Ukita,,Nessuna,Toyota Technological Institute
894,0000-0002-5666-3802,Anna,Zhukova,N/A,Nessuna,N/A
895,0000-0002-7491-6746,Qi Qi Qi,Zhang,N/A,Nessuna,N/A
896,0000-0002-9840-4964,Scott Donald,Patterson,"Vice President, Biomarker Sciences & Diagnostics",Nessuna,"Gilead Sciences, Inc"
897,0000-0002-7528-5392,Bomin,Wang,N/A,pelvic fracture,N/A
898,0000-0001-8934-5301,Jeffrey,Sorensen,,Nessuna,Google
899,0000-0002-8488-5437,Antonio,Marsico,Senior Consultant,Nessuna,Reply (Italy)
900,0000-0002-1171-9876,Martin,Kuiper,Professor in Systems Biology,"Semantic Web, Systems Biology, Enabling technology, Software development",Norwegian University of Science and Technology 
901,0000-0001-7842-8590,Harry,Gray,Executive Chair,Nessuna,Wellness Grove CIC
902,0000-0002-3306-3142,Chongxing,Song,N/A,Nessuna,N/A
903,0009-0007-5742-0929,Vasco,Coelho,N/A,Nessuna,N/A
904,0000-0001-5642-8303,Denis,Fourches,N/A,Cheminformatics; Molecular Modeling; QSAR; 3D docking; Molecular Dynamics; Virtual Screening,N/A
905,0000-0002-2692-7205,Jaume,Bacardit,Professor of Artificial Intelligence,"Data Mining, Machine Learning, Bioinformatics, Big Data",Newcastle University
906,0000-0002-4073-8259,Erika,Tenderini,N/A,Nessuna,N/A
907,0000-0001-9019-1282,Daniele,Peluso,N/A,Nessuna,N/A
908,0000-0002-2555-075X,satwinder,singh,,Nessuna,University of Dubai
909,0000-0003-3678-7303,Xingguang,Zhou,N/A,Nessuna,N/A
910,0000-0003-0166-3802,Christina,Curtis,Professor of Medicine & Genetics,Nessuna,Stanford University
911,0000-0002-7491-0395,Chaoxiong,Wu,N/A,Nessuna,N/A
912,0000-0002-4165-6554,Hongyu,Zhao,N/A,Nessuna,N/A
913,0009-0003-0948-1867,Leonard,Harris,N/A,Nessuna,N/A
914,0000-0003-4867-228X,Zhiyuan,Hu,N/A,Nessuna,N/A
915,0000-0001-7002-6386,Lucian,Smith,,Nessuna,University of Washington
916,0000-0003-2881-9141,Stephen,Friend,N/A,Nessuna,N/A
917,0000-0001-5898-0310,Chieh,Lin,N/A,Nessuna,N/A
918,0000-0003-3913-5810,Roman,Nesterov,N/A,Nessuna,N/A
919,0000-0002-6291-6175,Christian,Knüpfer,N/A,Nessuna,N/A
920,0000-0002-4480-6095,Ming-Mei,Shang,,Nessuna,Karolinska Institutet
921,0000-0003-1342-5908,Daniele,Bellavia,N/A,Nessuna,N/A
922,0000-0003-3099-9479,Sunkyu,Kim,N/A,Nessuna,N/A
923,0009-0000-9291-4333,HUGO,GAMBOA,,Nessuna,Center for Research and Advanced Studies of the National Polytechnic Institute
924,0000-0003-4201-1050,Liuhan,Peng,N/A,Nessuna,N/A
925,0000-0001-7017-7352,yiping,zeng,N/A,Nessuna,N/A
926,0000-0003-2633-9822,Gianluca,Castelnuovo,,"clinical psychology, psychotherapy, obesity, eating disorders, telecare, e-health, mHealth, telemedicine",Università Cattolica del Sacro Cuore
927,0000-0001-6859-9310,Haoran,Chen,N/A,Nessuna,N/A
928,0000-0002-4431-0671,Jinshan,Pan,,Nessuna,KTH Royal Institute of Technology
929,0000-0002-5551-4741,FABRIZIO,SCHETTINI,,Nessuna,LIUC
930,0000-0002-2372-5552,Shangchen,Zhou,N/A,Nessuna,N/A
931,0000-0002-7684-0079,Benjamin,Haibe-Kains,N/A,Nessuna,N/A
932,0000-0002-4427-2978,Zhendong,Wang,N/A,Nessuna,N/A
933,0000-0003-2434-4716,Motoki,Shiga,Chief Invited Researcher,Nessuna,National Institute for Materials Science
934,0000-0001-5031-1016,Finja,Wrzodek,N/A,Nessuna,N/A
935,0000-0001-5371-1867,Pengfei,Wan,N/A,Nessuna,N/A
936,0000-0002-7554-8770,Ling-Hao,Han,N/A,Nessuna,N/A
937,0000-0003-0511-5133,Valentina,Lenarduzzi,Assistant Professor (Tenure Track),Nessuna,University of Oulu
938,0000-0002-2432-2026,chunle,guo,N/A,Nessuna,N/A
939,0000-0002-3746-9676,Ion,Moraru,N/A,Nessuna,N/A
940,0009-0000-4749-2848,lishan,huang,N/A,Nessuna,N/A
941,0000-0001-5257-758X,Yi,Xiao,N/A,Nessuna,N/A
942,0000-0002-5404-4290,Dries,Van Daele,N/A,Nessuna,N/A
943,0000-0003-1933-7706,Samuel,Finlayson,Postgraduate,Nessuna,University of Bristol
944,0000-0002-5886-5563,Dagmar,Waltemath,Professor of Medical Informatics,"COMBINE standards, FAIR Health data, research data management, graph databases",Universitätsklinikum Greifswald
945,0000-0003-4584-8526,Chenghua,Li,N/A,Nessuna,N/A
946,0000-0001-7743-9968,Dejun,Hao,,Nessuna,Nanjing Forestry University
947,0000-0002-6542-8089,MARTINA,MATTIOLI,N/A,Nessuna,N/A
948,0000-0001-8734-8605,Si,Yi,N/A,Nessuna,N/A
949,0000-0002-9156-2759,DENIS,Bertrand,N/A,Nessuna,N/A
950,0000-0003-1556-6296,Jacopo,Talpini,N/A,Nessuna,N/A
951,0000-0002-6695-2157,Jaejoon,Choi,PostDoc Fellow,Nessuna,Harvard Medical School
952,0000-0003-1679-9120,Xihui,Lin,N/A,Nessuna,N/A
953,0000-0003-0301-9201,Sam,Sinai,N/A,Nessuna,N/A
954,0000-0002-1642-7493,Kimberly,Begley,"Managing Director, Chronic Pain Network ",Nessuna,McMaster University
955,0000-0002-4212-9844,Riccardo,SARTORI,Associate Professor ,Nessuna,University of Verona
956,0000-0003-0380-6571,Mauro,Dragoni,N/A,Nessuna,N/A
957,0000-0001-7643-8373,Nikolay,Nikolov,N/A,Nessuna,N/A
958,0000-0002-7163-4663,Alexey,Zakharov,,Nessuna,Kazan Federal University
959,0000-0001-5752-3193,Sheng-sheng,Wang,N/A,Nessuna,N/A
960,0000-0001-9177-0489,M. Furkan,Kirac,N/A,Nessuna,N/A
961,0009-0004-2735-4498,Yiyun,Zhao,,Nessuna,University of Glasgow
962,0000-0001-7749-7295,Pawel,Skrzypek,N/A,Nessuna,N/A
963,0000-0002-3356-3542,Sarah,Keating,,Nessuna,University College London
964,0000-0002-5759-3017,GIORGIO,GIACINTO,N/A,Nessuna,N/A
965,0000-0002-8788-9548,Evert,Bosdriesz,,"Systems biology, Computational biology, Cancer , Single cell, Network modelling",Vrije Universiteit Amsterdam
966,0000-0002-9363-9705,Michael,Blinov,,Nessuna,University of Connecticut Health Center
967,0000-0002-0324-3847,Daniele,Santoro,N/A,Nessuna,N/A
968,0000-0003-2572-2934,Chaoyu,Feng,N/A,Nessuna,N/A
969,0000-0002-4798-5375,Ji,Park,N/A,Nessuna,N/A
970,0000-0002-0068-7151,Yongdeuk,Hwang,N/A,Nessuna,N/A
971,0000-0002-0245-4909,CHRISTOPH,KURZ,N/A,Nessuna,N/A
972,0000-0002-2012-0849,Rajiv,Movva,N/A,Nessuna,N/A
973,0000-0003-3123-4136,Naoki,Tanimura,N/A,Nessuna,N/A
974,0000-0003-0987-6626,fred,shapiro,"Associate Professor in Anesthesia, Harvard Medical School",Nessuna,Massachusetts Eye and Ear Infirmary
975,0000-0001-6072-6717,George,Tomlinson,N/A,Nessuna,N/A
976,0000-0003-3434-9967,Debin,Zhao,N/A,Nessuna,N/A
977,0000-0002-1274-5099,Rainer,Machne,PostDoc,Nessuna,Northeastern University
978,0000-0003-2527-8909,Shuxin,Chen,N/A,Nessuna,N/A
979,0000-0002-7287-5223,Giuseppe,Serra,,Nessuna,Sardegna Ricerche
980,0000-0001-5770-8577,Jian-Jian,Cheng,N/A,Nessuna,N/A
981,0000-0002-9192-6583,Furkan,Kınlı,Research Assistant,Nessuna,Özyeğin University
982,0000-0001-8308-645X,Song,Liu,N/A,Nessuna,N/A
983,0000-0003-2345-8586,Nimrod,Morag,Data Scientist,Nessuna,Way2VAT
984,0000-0002-6062-139X,Adrián,Santos,N/A,Nessuna,N/A
985,0000-0003-3585-0593,Kevin,Chen,N/A,Nessuna,N/A
986,0000-0002-3106-2111,Yang-Yang,Wang,N/A,Nessuna,N/A
987,0000-0002-4186-8506,Conor,Lawless,N/A,Nessuna,N/A
988,0000-0002-1479-5399,Bosheng,Song,N/A,Nessuna,N/A
989,0000-0002-3651-8704,HaoQian,Wang,N/A,Nessuna,N/A
990,0000-0002-3659-6817,Herbert,Sauro,Professor,Systems Biology Synthetic Biology,University of Washington
991,0000-0003-3973-619X,Kanti,Kumari,N/A,Nessuna,N/A
992,0000-0002-0949-046X,Narsis,Kiani,,Nessuna,Karolinska Institutet
993,0000-0001-8512-5029,leonardo,mariani,N/A,Nessuna,N/A
994,0000-0002-5474-6874,Chi-Hao,Wu,N/A,Nessuna,N/A
995,0000-0002-0750-0628,Haiwei,Li,N/A,Nessuna,N/A
996,0000-0002-5092-6640,Krishna,Bulusu,Director,Nessuna,AstraZeneca UK Ltd
997,0000-0002-7403-7039,Luca,Denti,N/A,Nessuna,N/A
998,0000-0003-1122-4491,Woo Yun,Lee,N/A,Nessuna,N/A
999,0000-0003-0084-7554,Chen Chen,Yang,N/A,Nessuna,N/A
1000,0000-0001-6846-1303,Jose,Camacho,N/A,Nessuna,N/A
1001,0000-0001-7942-0806,Yue,Lu,N/A,Nessuna,N/A
1002,0000-0003-0855-1387,Boaz,Arad,CTO,Nessuna,Voyage 81
1003,0000-0002-5798-1642,francesca,ricci,N/A,Nessuna,N/A
1004,0000-0001-7478-407X,Yuqian,Zhou,N/A,Nessuna,N/A
1005,0000-0001-5149-6091,Mel,Krokos,N/A,Nessuna,N/A
1006,0000-0002-3436-9645,Inês,Neves,N/A,Nessuna,N/A
1007,0000-0002-9262-7569,ganapathy,krishnamurthi,N/A,Nessuna,N/A
1008,0000-0001-9994-2636,TIANTONG,GUO,N/A,Nessuna,N/A
1009,0000-0002-2023-2912,Mathew,Stiller-Reeve,N/A,Nessuna,N/A
1010,0000-0002-0944-9598,Davide,Badalotti,,Nessuna,Bocconi University
1011,0000-0002-1167-3142,zhiwei,Xiong,N/A,Nessuna,N/A
1012,0000-0003-3367-2519,Bissan,Al-Lazikani,"Professor, Director of Therapeutics Data Science","cancer, data science, drug discovery, drug targets",The University of Texas MD Anderson Cancer Center
1013,0000-0001-6152-4164,Anna,Stefan,,Nessuna,University of Łódź 
1014,0000-0003-1540-4158,Shanfeng,Zhu,N/A,Nessuna,N/A
1015,0009-0007-6206-9803,xiaotong,huang,N/A,Nessuna,N/A
1016,0000-0003-3694-4006,Mohammad Taher,Pilehvar,N/A,Nessuna,N/A
1017,0000-0003-2817-6107,Lin-Lin ,Zhang,N/A,Nessuna,N/A
1018,0000-0003-4318-9053,Richard,Newton,N/A,Nessuna,N/A
1019,0000-0003-3593-7875,ANDREAS,SERAPHIM,N/A,Nessuna,N/A
1020,0000-0003-3677-7850,KONSTANTINOS,ZOGRAFOS,Professor,"Statistical Information Theory, Multivariate Statistics, Parametric Statistical Inference, Measures of Association and Dependence, Statistical Distributions, Analysis of Categorical Data",University of Ioannina
1021,0000-0002-1201-3939,Luciano,Milanesi,Associated as Research Director,"Bioinformatics, Genomics, System Biology",National Research Council - Institute of Biomedical Tecgnology (CNR-ITB)
1022,0000-0002-8112-5029,Yoav,Bar Am,N/A,Nessuna,N/A
1023,0000-0002-4836-794X,Abdelrahman,Abdelhamed,N/A,Nessuna,N/A
1024,0000-0001-9412-6867,Dezso,Modos,Research Fellow,Nessuna,Imperial College London
1025,0000-0002-7276-9009,Jeremy,Zucker,N/A,Nessuna,N/A
1026,0009-0003-1280-5623,Vatsal,Sharan,N/A,Nessuna,N/A
1027,0000-0002-4186-4986,Ting-Ting,Liu,N/A,Nessuna,N/A
1028,0000-0001-9579-7267,Thomas Michael,Hamm,N/A,Nessuna,N/A
1029,0000-0001-7725-6176,Sebastian,Sauer,N/A,Nessuna,N/A
1030,0000-0002-0396-0256,Fedor,Kolpakov,N/A,Nessuna,N/A
1031,0000-0003-2357-6785,Bernhard,Palsson,N/A,Nessuna,N/A
1032,0000-0003-4686-4560,Christopher,Yau,N/A,Nessuna,N/A
1033,0000-0003-4139-1928,Marco,CREMASCHI,Full Professor,Nessuna,SciencesPo
1034,0000-0003-1771-6067,Eugenio,Montini,N/A,Nessuna,N/A
1035,0000-0003-1598-8317,Federica,Filippini,N/A,Nessuna,N/A
1036,0000-0003-1455-5675,Leila,Askari,N/A,Nessuna,N/A
1037,0000-0002-6607-5617,Hiroshi,Mamitsuka,Professor,"Machine learning, Bioinformatics, Artificial Intellilgence, Graph Learning, Systems Biology",Kyoto University
1038,0000-0002-4321-4557,Marko,Subašić,,Nessuna,University of Zagreb Faculty of Electrical Engineering and Computing
1039,0009-0003-9368-1094,Jafar,Jamal,N/A,Nessuna,N/A
1040,0000-0001-8396-2050,Jing-Jing ,Li,N/A,Nessuna,N/A
1041,0000-0002-6783-710X,Eliana,La Rocca,MD,Nessuna,Fondazione IRCCS Istituto Nazionale dei Tumori
1042,0000-0001-8127-609X,James,Faeder,N/A,Nessuna,N/A
1043,0000-0002-8991-4305,Wei-Wei,Zhang,N/A,Nessuna,N/A
1044,0000-0001-5093-7932,Lorenzo,Rovida,N/A,Nessuna,N/A
1045,0000-0002-5975-9260,Masato,Tsukada,N/A,Nessuna,N/A
1046,0000-0001-5576-5412,Elena Maria,Elli,N/A,Nessuna,N/A
1047,0000-0002-0704-5960,Daniele,Baieri,PhD Student,Nessuna,Università degli Studi di Roma La Sapienza
1048,0000-0001-8739-8960,Se Young,Chun,Associate Professor,Nessuna,Seoul National University
1049,0000-0002-3864-9513,huiyuan,chen,N/A,Nessuna,N/A
1050,0000-0003-4408-6523,Wouter,Tavernier,Assistant Professor,"network reliability, software-defined networking, deterministic networking",Ghent University
1051,0000-0002-3022-3497,Silvio,Cretti,N/A,Nessuna,N/A
1052,0009-0004-3522-3607,Adriana,Blanda,N/A,Nessuna,N/A
1053,0000-0003-4996-7995,Stefano,Calza,Full Professor,"Biostatistics, Medical Statistics, Bioinformatics, Computational Biology",Università degli Studi di Brescia
1054,0000-0002-1562-1294,Sungjoon,Park,N/A,Nessuna,N/A
1055,0000-0002-6028-627X,Lin-lin,Liu,N/A,Nessuna,N/A
1056,0000-0001-7499-0092,Dana,Silverbush,Postdoctoral fellow,Nessuna,Broad Institute
1057,0000-0002-6936-9338,Qiangqiang,Yuan,N/A,Nessuna,N/A
1058,0000-0003-0876-7305,Woochang,Hwang,,"Bioinformatics, Drug discovery",Milner Therapeutics Institute
1059,0000-0003-4287-5334,Sherif,Farag,N/A,Nessuna,N/A
1060,0000-0002-9920-8877,Dessislava,Petrova-Antonova,Associate professor,Nessuna,"Sofia University ""St. Kliment Ohridski"""
1061,0000-0002-1017-4835,Andrey,Voronkov,N/A,Nessuna,N/A
1062,0009-0001-6032-5873,Christopher,Bare,N/A,Nessuna,N/A
1063,0000-0003-3831-9706,Roberto,Navigli,Full Professor,"Natural Language Processing, Computational Linguistics, Artificial Intelligence",Università degli Studi di Roma La Sapienza
1064,0000-0002-6682-2694,wei-wei,Li,N/A,Nessuna,N/A
1065,0000-0003-4638-5914,ming,hong,N/A,Nessuna,N/A
1066,0000-0001-5048-2923,Thomas,Pfau,N/A,Nessuna,N/A
1067,0000-0002-8067-9070,Ujwala,Patil,N/A,Nessuna,N/A
1068,0000-0001-6295-3278,Zhihao,Li,N/A,Nessuna,N/A
1069,0000-0003-1862-4172,Mathias Johan Philip,Creutz,,Nessuna,University of Helsinki
1070,0000-0002-6287-4083,Daria,Senshina,Computer Vision engineer,Nessuna,Evocargo LLC
1071,0000-0002-5046-3105,Jan,Červený,Head of Domain,"biotechnology, artificial intelligence, systems biology, computational modeling, microalgae, cyanobacteria, photosynthesis, biological rhythms, evolutionary optimization, control theory, automation",Global Change Research Institute CAS
1072,0000-0002-4657-6705,Jung-Hsien,Chiang,Distinguished Professor,Nessuna,National Cheng Kung University
1073,0000-0001-5553-4702,Frank,Bergmann,,"Systems Biology, Computational Biology, Modeling, Simulation",Ruprecht Karls Universität Heidelberg
1074,0000-0001-7030-8690,Leandro,Watanabe,N/A,Nessuna,N/A
1075,0000-0003-2449-1724,Roberto,Pietrantuono,N/A,Nessuna,N/A
1076,0000-0003-3286-7736,James,Schaff,N/A,Nessuna,N/A
1077,0000-0002-0635-4729,Giulia ,Rizzi,N/A,Nessuna,N/A
1078,0000-0003-3116-2945,jian jian,peng,N/A,Nessuna,N/A
1079,0000-0003-4819-4679,Wushao,Wen,N/A,Nessuna,N/A
1080,0000-0003-0663-199X,Jinghui,Qin,N/A,Nessuna,N/A
1081,0009-0001-4855-8260,Iva,Krasteva,Researcher,Nessuna,Sofia University
1082,0000-0003-2265-3881,Maxim,Grechkin,N/A,Nessuna,N/A
1083,0000-0002-7725-6667,Antonio,Carrieri,N/A,Nessuna,N/A
1084,0009-0000-7904-9912,Taesung,Kwon,N/A,Nessuna,N/A
1085,0000-0001-8275-6482,Michela,Assale,N/A,Nessuna,N/A
1086,0000-0001-8103-4998,Yousang,Jo,Senior Researcher,"Bioinformatics, Multi-omics, Computational biology",Korea Institute of Oriental Medicine
1087,0000-0003-4182-7103,Stefano,BERETTA,N/A,Nessuna,N/A
1088,0000-0002-2851-712X,Massimo,LOCATELLI,N/A,Nessuna,N/A
1089,0000-0002-5089-8942,ELISA,ROJAS,,Nessuna,Universidad Carlos III de Madrid
1090,0000-0001-8007-7814,Jin,Guo,N/A,Nessuna,N/A
1091,0000-0001-9897-8768,Veronica,Dal Sasso,Operations Research Scientist,Nessuna,Optrail
1092,0000-0002-7517-3796,Koichi,Takahashi,N/A,Nessuna,N/A
1093,0000-0002-6822-9536,Fatma-Elzahraa,Eid,,Nessuna,Broad Institute of MIT and Harvard
1094,0000-0003-4292-2049,Artem,Nikonorov,N/A,Nessuna,N/A
1095,0000-0002-9038-7071,YunSeong,Kim,N/A,Nessuna,N/A
1096,0000-0002-3181-3704,Xiaochao,Qu,N/A,Nessuna,N/A
1097,0000-0002-6813-4692,Daniel,Leitner,N/A,Nessuna,N/A
1098,0000-0003-4544-3078,Ruicheng,Feng,N/A,Nessuna,N/A
1099,0000-0001-5939-1905,junjun,jiang,N/A,Nessuna,N/A
1100,0000-0002-7133-7618,Tianxiang,Zheng,N/A,Nessuna,N/A
1101,0000-0002-9944-4108,Eyke,Hüllermeier,N/A,Nessuna,N/A
1102,0000-0002-4625-743X,Camille,Laibe,,Nessuna,EMBL-EBI
1103,0000-0003-0983-256X,Celine,Vens,,Nessuna,imec
1104,0000-0002-3027-2512,Andreas,Bender,N/A,Nessuna,N/A
1105,0000-0003-1581-2848,muhammad,haris,N/A,Nessuna,N/A
1106,0000-0001-9579-0751,Jordi,Serra Serra,N/A,Nessuna,N/A
1107,0000-0002-3856-9177,Jose A.,Seoane,Junior Group Leader,Nessuna,Vall d´Hebron Institut d´Oncologia
1108,0009-0000-3479-3254,Zhi-Wei,Yin,Undergraduate of Professor Qi-Xiang Guo's Research Group,"Organic Chemistry, Asymmetric Synthesis, Asymmetric Catalysis",Southwest University
1109,0000-0002-3907-1282,Vinicius,Alves,N/A,Nessuna,N/A
1110,0000-0002-6834-9255,Seung Woo,Kum,N/A,Nessuna,N/A
1111,0000-0002-6197-1746,Hongzhi,Zhang,N/A,Nessuna,N/A
1112,0000-0002-6817-1661,Y. H.,Xue,N/A,Nessuna,N/A
1113,0000-0001-6115-9339,Hovakim,Grabski,N/A,"Molecular Dynamics, Molecular Docking, Machine Learning, Molecular Biology, Biochemistry, Python",N/A
1114,0000-0002-9181-2252,Qin Qin,Xu,N/A,Nessuna,N/A
1115,0000-0003-4946-5637,Andrea,Maggioni,N/A,Nessuna,N/A
1116,0000-0001-9405-770X,Ivan,Ermakov,Associate Professor,Nessuna,State University of Management
1117,0000-0003-1421-9735,Sung-Jea,Ko,N/A,Nessuna,N/A
1118,0000-0002-0908-1930,Akshay,Dudhane,N/A,Nessuna,N/A
1119,0000-0002-7529-8409,Martina ,di Trani,,Nessuna,IRCCS Humanitas Research Hospital
1120,0000-0002-3874-2259,Arfa,Mehmood,N/A,Nessuna,N/A
1121,0000-0001-9630-9755,jiyoung,OH,N/A,Nessuna,N/A
1122,0000-0002-9670-3354,Giacomo,Villa,Trainee,Nessuna,OCAS NV
1123,0000-0002-9121-6717,Christina,Boucher,N/A,Nessuna,N/A
1124,0000-0002-2011-481X,Javier,Garcia Garcia,N/A,Nessuna,N/A
1125,0000-0001-5719-3737,Qiuyang,Fu,N/A,Nessuna,N/A
1126,0000-0002-9116-5921,Costas,Mitsopoulos,N/A,Nessuna,N/A
1127,0000-0003-4304-9157,Gianluca,Giudice,N/A,Nessuna,N/A
1128,0009-0000-1508-2158,Pavel,Ostyakov,N/A,Nessuna,N/A
1129,0009-0008-0012-5563,Chun,Chiang,,Nessuna,Texas A&M University
1130,0000-0002-4808-2805,Samad,Jahandideh,N/A,Nessuna,N/A
1131,0000-0001-8575-0537,Russ,Wolfinger,N/A,Nessuna,N/A
1132,0000-0001-7739-7956,Brooke,Fridley,"Director, Biostatistics and Epidemiology Core",Nessuna,Children's Mercy Hospital
1133,0000-0001-5661-0658,Jasmijn,Baaijens,Assistant professor,Nessuna,Delft University of Technology
1134,0000-0003-0621-5400,Ivana,Dusparic,Ussher Assistant Professor,Nessuna,Trinity College Dublin
1135,0000-0003-3624-2936,Tianyu,Xu,N/A,Nessuna,N/A
1136,0000-0003-0820-8722,Mads Peter,Soerensen,,Nessuna,Technical University of Denmark
1137,0000-0002-5272-7047,tao tao,wang,N/A,Nessuna,N/A
1138,0000-0001-8975-5263,yang,shen,N/A,Nessuna,N/A
1139,0000-0001-5877-7128,Samantha,Heath,N/A,Nessuna,N/A
